table_name,state_code,district_code,area_name,area_type,Type of Household,No. of Households having disabled persons,Total disabled persons,Total disabled males,Total disabled females,Persons_in seeing,Males_in seeing,Females_in seeing,Persons_in hearing,Males_in hearing,Females_in hearing,Persons_in speech,Males_in speech,Females_in speech,Persons_in movement,Males_in movement,Females_in movement,Persons_mental retardation,Males_mental retardation,Females_mental retardation,Persons_mental illness,Males_mental illness,Females_mental illness,Persons_any other,Males_any other,Females_any other,Persons_multiple disability,Males_multiple disability,Females_multiple disability
C0130,0,0,INDIA,Total,Total,20780194,26814994,14988593,11826401,5033431,2639028,2394403,5072914,2678584,2394330,1998692,1122987,875705,5436826,3370501,2066325,1505964,870898,635066,722880,415758,307122,4927589,2728125,2199464,2116698,1162712,953986
C0130,0,0,INDIA,Total,Normal Household,20643273,26441354,14755701,11685653,4968521,2598100,2370421,4975110,2614658,2360452,1981137,1112114,869023,5393486,3342566,2050920,1473557,852119,621438,696692,401291,295401,4867998,2691015,2176983,2084853,1143838,941015
C0130,0,0,INDIA,Total,Institutional Household,86684,305218,188681,116537,51593,32520,19073,83044,54844,28200,13131,8015,5116,31306,19214,12092,28169,16102,12067,22249,11994,10255,48166,29875,18291,27560,16117,11443
C0130,0,0,INDIA,Total,Houseless Household,50237,68422,44211,24211,13317,8408,4909,14760,9082,5678,4424,2858,1566,12034,8721,3313,4238,2677,1561,3939,2473,1466,11425,7235,4190,4285,2757,1528
C0130,0,0,INDIA,Rural,Total,14688456,18636358,10410559,8225799,3503558,1821448,1682110,3393728,1784426,1609302,1303940,734998,568942,4035741,2503529,1532212,1025900,591598,434302,495880,283458,212422,3293107,1827881,1465226,1584504,863221,721283
C0130,0,0,INDIA,Rural,Normal Household,14624131,18477266,10316977,8160289,3476939,1806061,1670878,3352965,1759915,1593050,1296612,730645,565967,4015726,2491232,1524494,1011340,583089,428251,485805,278125,207680,3265721,1811527,1454194,1572158,856383,715775
C0130,0,0,INDIA,Rural,Institutional Household,45126,134179,79243,54936,21778,12767,9011,35675,21702,13973,5796,3449,2347,15887,9659,6228,12998,7597,5401,8517,4449,4068,23096,13872,9224,10432,5748,4684
C0130,0,0,INDIA,Rural,Houseless Household,19199,24913,14339,10574,4841,2620,2221,5088,2809,2279,1532,904,628,4128,2638,1490,1562,912,650,1558,884,674,4290,2482,1808,1914,1090,824
C0130,0,0,INDIA,Urban,Total,6091738,8178636,4578034,3600602,1529873,817580,712293,1679186,894158,785028,694752,387989,306763,1401085,866972,534113,480064,279300,200764,227000,132300,94700,1634482,900244,734238,532194,299491,232703
C0130,0,0,INDIA,Urban,Normal Household,6019142,7964088,4438724,3525364,1491582,792039,699543,1622145,854743,767402,684525,381469,303056,1377760,851334,526426,462217,269030,193187,210887,123166,87721,1602277,879488,722789,512695,287455,225240
C0130,0,0,INDIA,Urban,Institutional Household,41558,171039,109438,61601,29815,19753,10062,47369,33142,14227,7335,4566,2769,15419,9555,5864,15171,8505,6666,13732,7545,6187,25070,16003,9067,17128,10369,6759
C0130,0,0,INDIA,Urban,Houseless Household,31038,43509,29872,13637,8476,5788,2688,9672,6273,3399,2892,1954,938,7906,6083,1823,2676,1765,911,2381,1589,792,7135,4753,2382,2371,1667,704
C0130,35,0,State - ANDAMAN & NICOBAR ISLANDS,Total,Total,5702,6660,3861,2799,1084,598,486,1219,664,555,531,316,215,1593,1043,550,294,160,134,364,163,201,838,490,348,737,427,310
C0130,35,0,State - ANDAMAN & NICOBAR ISLANDS,Total,Normal Household,5656,6553,3790,2763,1078,592,486,1209,658,551,529,314,215,1572,1026,546,284,155,129,338,146,192,820,481,339,723,418,305
C0130,35,0,State - ANDAMAN & NICOBAR ISLANDS,Total,Institutional Household,36,97,61,36,6,6,0,10,6,4,2,2,0,20,16,4,9,4,5,22,13,9,16,7,9,12,7,5
C0130,35,0,State - ANDAMAN & NICOBAR ISLANDS,Total,Houseless Household,10,10,10,0,0,0,0,0,0,0,0,0,0,1,1,0,1,1,0,4,4,0,2,2,0,2,2,0
C0130,35,0,State - ANDAMAN & NICOBAR ISLANDS,Rural,Total,4152,4880,2834,2046,919,511,408,834,464,370,362,216,146,1195,776,419,189,107,82,264,107,157,545,324,221,572,329,243
C0130,35,0,State - ANDAMAN & NICOBAR ISLANDS,Rural,Normal Household,4131,4841,2802,2039,914,506,408,830,461,369,360,214,146,1183,765,418,188,106,82,259,104,155,538,320,218,569,326,243
C0130,35,0,State - ANDAMAN & NICOBAR ISLANDS,Rural,Institutional Household,17,35,28,7,5,5,0,4,3,1,2,2,0,12,11,1,1,1,0,2,0,2,7,4,3,2,2,0
C0130,35,0,State - ANDAMAN & NICOBAR ISLANDS,Rural,Houseless Household,4,4,4,0,0,0,0,0,0,0,0,0,0,0,0,0,0,0,0,3,3,0,0,0,0,1,1,0
C0130,35,0,State - ANDAMAN & NICOBAR ISLANDS,Urban,Total,1550,1780,1027,753,165,87,78,385,200,185,169,100,69,398,267,131,105,53,52,100,56,44,293,166,127,165,98,67
C0130,35,0,State - ANDAMAN & NICOBAR ISLANDS,Urban,Normal Household,1525,1712,988,724,164,86,78,379,197,182,169,100,69,389,261,128,96,49,47,79,42,37,282,161,121,154,92,62
C0130,35,0,State - ANDAMAN & NICOBAR ISLANDS,Urban,Institutional Household,19,62,33,29,1,1,0,6,3,3,0,0,0,8,5,3,8,3,5,20,13,7,9,3,6,10,5,5
C0130,35,0,State - ANDAMAN & NICOBAR ISLANDS,Urban,Houseless Household,6,6,6,0,0,0,0,0,0,0,0,0,0,1,1,0,1,1,0,1,1,0,2,2,0,1,1,0
C0130,28,0,State - ANDHRA PRADESH,Total,Total,1836160,2266607,1224459,1042148,398144,198473,199671,334292,167226,167066,219543,121644,97899,538934,327947,210987,132380,70272,62108,43169,22283,20886,409775,214338,195437,190370,102276,88094
C0130,28,0,State - ANDHRA PRADESH,Total,Normal Household,1822311,2230473,1204122,1026351,391724,194798,196926,326455,163098,163357,217155,120125,97030,533962,324942,209020,129449,68641,60808,42421,21855,20566,402907,210680,192227,186400,99983,86417
C0130,28,0,State - ANDHRA PRADESH,Total,Institutional Household,8194,28727,15977,12750,5301,3066,2235,6063,3130,2933,1879,1229,650,3474,1992,1482,2430,1334,1096,449,245,204,5639,2976,2663,3492,2005,1487
C0130,28,0,State - ANDHRA PRADESH,Total,Houseless Household,5655,7407,4360,3047,1119,609,510,1774,998,776,509,290,219,1498,1013,485,501,297,204,299,183,116,1229,682,547,478,288,190
C0130,28,0,State - ANDHRA PRADESH,Rural,Total,1278932,1512961,812882,700079,261467,127379,134088,197246,96517,100729,138068,76156,61912,411720,249840,161880,92195,47964,44231,30581,15303,15278,238999,123976,115023,142685,75747,66938
C0130,28,0,State - ANDHRA PRADESH,Rural,Normal Household,1272689,1497806,805000,692806,258959,126020,132939,194176,95141,99035,137108,75564,61544,409270,248396,160874,90952,47274,43678,30214,15100,15114,236115,122644,113471,141012,74861,66151
C0130,28,0,State - ANDHRA PRADESH,Rural,Institutional Household,3969,12511,6438,6073,2090,1150,940,2704,1190,1514,765,487,278,1835,1054,781,1009,570,439,203,113,90,2502,1139,1363,1403,735,668
C0130,28,0,State - ANDHRA PRADESH,Rural,Houseless Household,2274,2644,1444,1200,418,209,209,366,186,180,195,105,90,615,390,225,234,120,114,164,90,74,382,193,189,270,151,119
C0130,28,0,State - ANDHRA PRADESH,Urban,Total,557228,753646,411577,342069,136677,71094,65583,137046,70709,66337,81475,45488,35987,127214,78107,49107,40185,22308,17877,12588,6980,5608,170776,90362,80414,47685,26529,21156
C0130,28,0,State - ANDHRA PRADESH,Urban,Normal Household,549622,732667,399122,333545,132765,68778,63987,132279,67957,64322,80047,44561,35486,124692,76546,48146,38497,21367,17130,12207,6755,5452,166792,88036,78756,45388,25122,20266
C0130,28,0,State - ANDHRA PRADESH,Urban,Institutional Household,4225,16216,9539,6677,3211,1916,1295,3359,1940,1419,1114,742,372,1639,938,701,1421,764,657,246,132,114,3137,1837,1300,2089,1270,819
C0130,28,0,State - ANDHRA PRADESH,Urban,Houseless Household,3381,4763,2916,1847,701,400,301,1408,812,596,314,185,129,883,623,260,267,177,90,135,93,42,847,489,358,208,137,71
C0130,12,0,State - ARUNACHAL PRADESH,Total,Total,20101,26734,14245,12489,5652,2862,2790,8127,4209,3918,1538,880,658,3235,1935,1300,1264,635,629,631,344,287,3878,2080,1798,2409,1300,1109
C0130,12,0,State - ARUNACHAL PRADESH,Total,Normal Household,19714,25776,13607,12169,5514,2792,2722,7584,3806,3778,1511,865,646,3184,1904,1280,1219,613,606,619,337,282,3760,2000,1760,2385,1290,1095
C0130,12,0,State - ARUNACHAL PRADESH,Total,Institutional Household,350,905,612,293,135,70,65,523,395,128,23,14,9,46,27,19,42,20,22,7,4,3,111,75,36,18,7,11
C0130,12,0,State - ARUNACHAL PRADESH,Total,Houseless Household,37,53,26,27,3,0,3,20,8,12,4,1,3,5,4,1,3,2,1,5,3,2,7,5,2,6,3,3
C0130,12,0,State - ARUNACHAL PRADESH,Rural,Total,16796,22308,11780,10528,4669,2334,2335,6916,3565,3351,1299,737,562,2735,1620,1115,1011,512,499,533,291,242,3005,1582,1423,2140,1139,1001
C0130,12,0,State - ARUNACHAL PRADESH,Rural,Normal Household,16494,21559,11291,10268,4568,2292,2276,6491,3251,3240,1275,725,550,2693,1594,1099,975,494,481,527,289,238,2910,1513,1397,2120,1133,987
C0130,12,0,State - ARUNACHAL PRADESH,Rural,Institutional Household,279,712,477,235,98,42,56,407,308,99,20,11,9,39,24,15,36,18,18,5,2,3,91,67,24,16,5,11
C0130,12,0,State - ARUNACHAL PRADESH,Rural,Houseless Household,23,37,12,25,3,0,3,18,6,12,4,1,3,3,2,1,0,0,0,1,0,1,4,2,2,4,1,3
C0130,12,0,State - ARUNACHAL PRADESH,Urban,Total,3305,4426,2465,1961,983,528,455,1211,644,567,239,143,96,500,315,185,253,123,130,98,53,45,873,498,375,269,161,108
C0130,12,0,State - ARUNACHAL PRADESH,Urban,Normal Household,3220,4217,2316,1901,946,500,446,1093,555,538,236,140,96,491,310,181,244,119,125,92,48,44,850,487,363,265,157,108
C0130,12,0,State - ARUNACHAL PRADESH,Urban,Institutional Household,71,193,135,58,37,28,9,116,87,29,3,3,0,7,3,4,6,2,4,2,2,0,20,8,12,2,2,0
C0130,12,0,State - ARUNACHAL PRADESH,Urban,Houseless Household,14,16,14,2,0,0,0,2,2,0,0,0,0,2,2,0,3,2,1,4,3,1,3,3,0,2,2,0
C0130,18,0,State - ASSAM,Total,Total,381847,480065,257385,222680,80553,41052,39501,101577,51782,49795,39750,21885,17865,76007,45099,30908,26374,14864,11510,18819,10625,8194,87461,46525,40936,49524,25553,23971
C0130,18,0,State - ASSAM,Total,Normal Household,379963,474880,254035,220845,79954,40651,39303,99279,50235,49044,39623,21815,17808,75719,44898,30821,26155,14738,11417,18388,10330,8058,86464,45925,40539,49298,25443,23855
C0130,18,0,State - ASSAM,Total,Institutional Household,1429,4598,3007,1591,543,366,177,2170,1485,685,105,57,48,212,146,66,149,84,65,370,257,113,884,533,351,165,79,86
C0130,18,0,State - ASSAM,Total,Houseless Household,455,587,343,244,56,35,21,128,62,66,22,13,9,76,55,21,70,42,28,61,38,23,113,67,46,61,31,30
C0130,18,0,State - ASSAM,Rural,Total,333538,415457,222422,193035,70574,35952,34622,89057,45552,43505,34498,18944,15554,66866,39551,27315,22416,12519,9897,16014,8908,7106,72044,38395,33649,43988,22601,21387
C0130,18,0,State - ASSAM,Rural,Normal Household,332193,411896,220107,191789,70143,35651,34492,87111,44262,42849,34408,18899,15509,66660,39412,27248,22286,12449,9837,15937,8871,7066,71506,38029,33477,43845,22534,21311
C0130,18,0,State - ASSAM,Rural,Institutional Household,1063,3169,2111,1058,388,276,112,1840,1241,599,75,37,38,168,118,50,92,51,41,48,19,29,456,321,135,102,48,54
C0130,18,0,State - ASSAM,Rural,Houseless Household,282,392,204,188,43,25,18,106,49,57,15,8,7,38,21,17,38,19,19,29,18,11,82,45,37,41,19,22
C0130,18,0,State - ASSAM,Urban,Total,48309,64608,34963,29645,9979,5100,4879,12520,6230,6290,5252,2941,2311,9141,5548,3593,3958,2345,1613,2805,1717,1088,15417,8130,7287,5536,2952,2584
C0130,18,0,State - ASSAM,Urban,Normal Household,47770,62984,33928,29056,9811,5000,4811,12168,5973,6195,5215,2916,2299,9059,5486,3573,3869,2289,1580,2451,1459,992,14958,7896,7062,5453,2909,2544
C0130,18,0,State - ASSAM,Urban,Institutional Household,366,1429,896,533,155,90,65,330,244,86,30,20,10,44,28,16,57,33,24,322,238,84,428,212,216,63,31,32
C0130,18,0,State - ASSAM,Urban,Houseless Household,173,195,139,56,13,10,3,22,13,9,7,5,2,38,34,4,32,23,9,32,20,12,31,22,9,20,12,8
C0130,10,0,State - BIHAR,Total,Total,1687429,2331009,1343100,987909,549080,297043,252037,572163,308071,264092,170845,97893,72952,369577,245576,124001,89251,55335,33916,37521,24901,12620,431728,246460,185268,110844,67821,43023
C0130,10,0,State - BIHAR,Total,Normal Household,1681225,2319637,1336651,982986,546031,295422,250609,568497,305936,262561,170206,97557,72649,368627,244988,123639,88873,55106,33767,37390,24819,12571,429532,245215,184317,110481,67608,42873
C0130,10,0,State - BIHAR,Total,Institutional Household,4871,9385,5338,4047,2505,1338,1167,3115,1840,1275,522,258,264,733,450,283,317,195,122,106,68,38,1812,1025,787,275,164,111
C0130,10,0,State - BIHAR,Total,Houseless Household,1333,1987,1111,876,544,283,261,551,295,256,117,78,39,217,138,79,61,34,27,25,14,11,384,220,164,88,49,39
C0130,10,0,State - BIHAR,Rural,Total,1492615,2046351,1180813,865538,480118,259515,220603,497756,268272,229484,150197,86236,63961,330394,220062,110332,78520,48621,29899,32691,21594,11097,378081,216107,161974,98594,60406,38188
C0130,10,0,State - BIHAR,Rural,Normal Household,1487936,2038174,1176349,861825,477789,258331,219458,495150,266846,228304,149758,85992,63766,329667,219626,110041,78250,48462,29788,32602,21543,11059,376645,215304,161341,98313,60245,38068
C0130,10,0,State - BIHAR,Rural,Institutional Household,3768,6849,3735,3114,1925,978,947,2242,1232,1010,349,183,166,577,341,236,235,141,94,71,40,31,1230,692,538,220,128,92
C0130,10,0,State - BIHAR,Rural,Houseless Household,911,1328,729,599,404,206,198,364,194,170,90,61,29,150,95,55,35,18,17,18,11,7,206,111,95,61,33,28
C0130,10,0,State - BIHAR,Urban,Total,194814,284658,162287,122371,68962,37528,31434,74407,39799,34608,20648,11657,8991,39183,25514,13669,10731,6714,4017,4830,3307,1523,53647,30353,23294,12250,7415,4835
C0130,10,0,State - BIHAR,Urban,Normal Household,193289,281463,160302,121161,68242,37091,31151,73347,39090,34257,20448,11565,8883,38960,25362,13598,10623,6644,3979,4788,3276,1512,52887,29911,22976,12168,7363,4805
C0130,10,0,State - BIHAR,Urban,Institutional Household,1103,2536,1603,933,580,360,220,873,608,265,173,75,98,156,109,47,82,54,28,35,28,7,582,333,249,55,36,19
C0130,10,0,State - BIHAR,Urban,Houseless Household,422,659,382,277,140,77,63,187,101,86,27,17,10,67,43,24,26,16,10,7,3,4,178,109,69,27,16,11
C0130,4,0,State - CHANDIGARH,Total,Total,11831,14796,8743,6053,1774,1078,696,2475,1268,1207,961,562,399,3815,2378,1437,1090,683,407,756,445,311,2583,1554,1029,1342,775,567
C0130,4,0,State - CHANDIGARH,Total,Normal Household,11684,14192,8331,5861,1677,982,695,2400,1224,1176,942,546,396,3737,2322,1415,981,615,366,746,445,301,2390,1428,962,1319,769,550
C0130,4,0,State - CHANDIGARH,Total,Institutional Household,87,515,333,182,91,90,1,42,13,29,17,14,3,47,27,20,102,63,39,9,0,9,187,120,67,20,6,14
C0130,4,0,State - CHANDIGARH,Total,Houseless Household,60,89,79,10,6,6,0,33,31,2,2,2,0,31,29,2,7,5,2,1,0,1,6,6,0,3,0,3
C0130,4,0,State - CHANDIGARH,Rural,Total,300,346,212,134,31,14,17,32,25,7,49,26,23,129,85,44,16,6,10,20,11,9,40,28,12,29,17,12
C0130,4,0,State - CHANDIGARH,Rural,Normal Household,300,346,212,134,31,14,17,32,25,7,49,26,23,129,85,44,16,6,10,20,11,9,40,28,12,29,17,12
C0130,4,0,State - CHANDIGARH,Rural,Institutional Household,0,0,0,0,0,0,0,0,0,0,0,0,0,0,0,0,0,0,0,0,0,0,0,0,0,0,0,0
C0130,4,0,State - CHANDIGARH,Rural,Houseless Household,0,0,0,0,0,0,0,0,0,0,0,0,0,0,0,0,0,0,0,0,0,0,0,0,0,0,0,0
C0130,4,0,State - CHANDIGARH,Urban,Total,11531,14450,8531,5919,1743,1064,679,2443,1243,1200,912,536,376,3686,2293,1393,1074,677,397,736,434,302,2543,1526,1017,1313,758,555
C0130,4,0,State - CHANDIGARH,Urban,Normal Household,11384,13846,8119,5727,1646,968,678,2368,1199,1169,893,520,373,3608,2237,1371,965,609,356,726,434,292,2350,1400,950,1290,752,538
C0130,4,0,State - CHANDIGARH,Urban,Institutional Household,87,515,333,182,91,90,1,42,13,29,17,14,3,47,27,20,102,63,39,9,0,9,187,120,67,20,6,14
C0130,4,0,State - CHANDIGARH,Urban,Houseless Household,60,89,79,10,6,6,0,33,31,2,2,2,0,31,29,2,7,5,2,1,0,1,6,6,0,3,0,3
C0130,22,0,State - CHHATTISGARH,Total,Total,530554,624937,334093,290844,111169,56066,55103,92315,47940,44375,28262,15509,12753,190328,108415,81913,33171,17562,15609,20832,10891,9941,76903,41849,35054,71957,35861,36096
C0130,22,0,State - CHHATTISGARH,Total,Normal Household,528190,619283,330587,288696,110098,55419,54679,90970,46980,43990,28090,15398,12692,189098,107671,81427,32795,17374,15421,20592,10765,9827,76335,41476,34859,71305,35504,35801
C0130,22,0,State - CHHATTISGARH,Total,Institutional Household,1526,4436,2719,1717,950,571,379,946,704,242,118,72,46,1005,587,418,291,135,156,126,60,66,438,283,155,562,307,255
C0130,22,0,State - CHHATTISGARH,Total,Houseless Household,838,1218,787,431,121,76,45,399,256,143,54,39,15,225,157,68,85,53,32,114,66,48,130,90,40,90,50,40
C0130,22,0,State - CHHATTISGARH,Rural,Total,426439,498228,263598,234630,88065,43912,44153,73436,37867,35569,21308,11628,9680,155537,87583,67954,25455,13279,12176,16297,8320,7977,58278,31556,26722,59852,29453,30399
C0130,22,0,State - CHHATTISGARH,Rural,Normal Household,425064,495318,261666,233652,87590,43597,43993,72495,37159,35336,21214,11573,9641,154871,87198,67673,25335,13204,12131,16210,8279,7931,57916,31304,26612,59687,29352,30335
C0130,22,0,State - CHHATTISGARH,Rural,Institutional Household,979,2173,1459,714,411,275,136,580,472,108,64,35,29,577,324,253,88,57,31,35,12,23,303,209,94,115,75,40
C0130,22,0,State - CHHATTISGARH,Rural,Houseless Household,396,737,473,264,64,40,24,361,236,125,30,20,10,89,61,28,32,18,14,52,29,23,59,43,16,50,26,24
C0130,22,0,State - CHHATTISGARH,Urban,Total,104115,126709,70495,56214,23104,12154,10950,18879,10073,8806,6954,3881,3073,34791,20832,13959,7716,4283,3433,4535,2571,1964,18625,10293,8332,12105,6408,5697
C0130,22,0,State - CHHATTISGARH,Urban,Normal Household,103126,123965,68921,55044,22508,11822,10686,18475,9821,8654,6876,3825,3051,34227,20473,13754,7460,4170,3290,4382,2486,1896,18419,10172,8247,11618,6152,5466
C0130,22,0,State - CHHATTISGARH,Urban,Institutional Household,547,2263,1260,1003,539,296,243,366,232,134,54,37,17,428,263,165,203,78,125,91,48,43,135,74,61,447,232,215
C0130,22,0,State - CHHATTISGARH,Urban,Houseless Household,442,481,314,167,57,36,21,38,20,18,24,19,5,136,96,40,53,35,18,62,37,25,71,47,24,40,24,16
C0130,26,0,State - DADRA & NAGAR HAVELI,Total,Total,2663,3294,1893,1401,429,234,195,715,404,311,201,115,86,682,440,242,180,95,85,115,70,45,483,266,217,489,269,220
C0130,26,0,State - DADRA & NAGAR HAVELI,Total,Normal Household,2653,3265,1871,1394,427,233,194,695,387,308,201,115,86,680,438,242,180,95,85,115,70,45,479,264,215,488,269,219
C0130,26,0,State - DADRA & NAGAR HAVELI,Total,Institutional Household,8,27,22,5,1,1,0,20,17,3,0,0,0,2,2,0,0,0,0,0,0,0,4,2,2,0,0,0
C0130,26,0,State - DADRA & NAGAR HAVELI,Total,Houseless Household,2,2,0,2,1,0,1,0,0,0,0,0,0,0,0,0,0,0,0,0,0,0,0,0,0,1,0,1
C0130,26,0,State - DADRA & NAGAR HAVELI,Rural,Total,1571,1956,1097,859,260,136,124,393,220,173,119,68,51,388,243,145,118,67,51,85,50,35,248,135,113,345,178,167
C0130,26,0,State - DADRA & NAGAR HAVELI,Rural,Normal Household,1562,1928,1075,853,259,135,124,373,203,170,119,68,51,386,241,145,118,67,51,85,50,35,244,133,111,344,178,166
C0130,26,0,State - DADRA & NAGAR HAVELI,Rural,Institutional Household,8,27,22,5,1,1,0,20,17,3,0,0,0,2,2,0,0,0,0,0,0,0,4,2,2,0,0,0
C0130,26,0,State - DADRA & NAGAR HAVELI,Rural,Houseless Household,1,1,0,1,0,0,0,0,0,0,0,0,0,0,0,0,0,0,0,0,0,0,0,0,0,1,0,1
C0130,26,0,State - DADRA & NAGAR HAVELI,Urban,Total,1092,1338,796,542,169,98,71,322,184,138,82,47,35,294,197,97,62,28,34,30,20,10,235,131,104,144,91,53
C0130,26,0,State - DADRA & NAGAR HAVELI,Urban,Normal Household,1091,1337,796,541,168,98,70,322,184,138,82,47,35,294,197,97,62,28,34,30,20,10,235,131,104,144,91,53
C0130,26,0,State - DADRA & NAGAR HAVELI,Urban,Institutional Household,0,0,0,0,0,0,0,0,0,0,0,0,0,0,0,0,0,0,0,0,0,0,0,0,0,0,0,0
C0130,26,0,State - DADRA & NAGAR HAVELI,Urban,Houseless Household,1,1,0,1,1,0,1,0,0,0,0,0,0,0,0,0,0,0,0,0,0,0,0,0,0,0,0,0
C0130,25,0,State - DAMAN & DIU,Total,Total,1914,2196,1300,896,382,222,160,309,158,151,149,103,46,620,367,253,176,98,78,89,54,35,264,182,82,207,116,91
C0130,25,0,State - DAMAN & DIU,Total,Normal Household,1901,2183,1291,892,382,222,160,307,157,150,149,103,46,616,364,252,174,96,78,89,54,35,262,180,82,204,115,89
C0130,25,0,State - DAMAN & DIU,Total,Institutional Household,6,6,4,2,0,0,0,2,1,1,0,0,0,2,1,1,0,0,0,0,0,0,2,2,0,0,0,0
C0130,25,0,State - DAMAN & DIU,Total,Houseless Household,7,7,5,2,0,0,0,0,0,0,0,0,0,2,2,0,2,2,0,0,0,0,0,0,0,3,1,2
C0130,25,0,State - DAMAN & DIU,Rural,Total,676,777,451,326,146,95,51,80,36,44,56,33,23,254,145,109,66,37,29,34,20,14,65,37,28,76,48,28
C0130,25,0,State - DAMAN & DIU,Rural,Normal Household,674,775,450,325,146,95,51,80,36,44,56,33,23,253,145,108,66,37,29,34,20,14,64,36,28,76,48,28
C0130,25,0,State - DAMAN & DIU,Rural,Institutional Household,2,2,1,1,0,0,0,0,0,0,0,0,0,1,0,1,0,0,0,0,0,0,1,1,0,0,0,0
C0130,25,0,State - DAMAN & DIU,Rural,Houseless Household,0,0,0,0,0,0,0,0,0,0,0,0,0,0,0,0,0,0,0,0,0,0,0,0,0,0,0,0
C0130,25,0,State - DAMAN & DIU,Urban,Total,1238,1419,849,570,236,127,109,229,122,107,93,70,23,366,222,144,110,61,49,55,34,21,199,145,54,131,68,63
C0130,25,0,State - DAMAN & DIU,Urban,Normal Household,1227,1408,841,567,236,127,109,227,121,106,93,70,23,363,219,144,108,59,49,55,34,21,198,144,54,128,67,61
C0130,25,0,State - DAMAN & DIU,Urban,Institutional Household,4,4,3,1,0,0,0,2,1,1,0,0,0,1,1,0,0,0,0,0,0,0,1,1,0,0,0,0
C0130,25,0,State - DAMAN & DIU,Urban,Houseless Household,7,7,5,2,0,0,0,0,0,0,0,0,0,2,2,0,2,2,0,0,0,0,0,0,0,3,1,2
C0130,30,0,State - GOA,Total,Total,25013,33012,17016,15996,4964,2350,2614,5347,2621,2726,5272,2807,2465,5578,3153,2425,1817,965,852,1675,875,800,5784,2933,2851,2575,1312,1263
C0130,30,0,State - GOA,Total,Normal Household,24819,32169,16526,15643,4904,2312,2592,5231,2554,2677,5231,2779,2452,5456,3086,2370,1670,887,783,1590,838,752,5580,2802,2778,2507,1268,1239
C0130,30,0,State - GOA,Total,Institutional Household,147,794,456,338,57,36,21,108,60,48,39,28,11,104,52,52,143,77,66,82,37,45,198,126,72,63,40,23
C0130,30,0,State - GOA,Total,Houseless Household,47,49,34,15,3,2,1,8,7,1,2,0,2,18,15,3,4,1,3,3,0,3,6,5,1,5,4,1
C0130,30,0,State - GOA,Rural,Total,11016,14622,7479,7143,2418,1138,1280,2272,1072,1200,2148,1119,1029,2446,1418,1028,793,418,375,764,404,360,2553,1312,1241,1228,598,630
C0130,30,0,State - GOA,Rural,Normal Household,10945,14173,7243,6930,2391,1126,1265,2214,1049,1165,2136,1115,1021,2401,1397,1004,662,350,312,730,389,341,2425,1224,1201,1214,593,621
C0130,30,0,State - GOA,Rural,Institutional Household,59,437,229,208,26,11,15,56,21,35,12,4,8,43,20,23,128,67,61,32,15,17,127,87,40,13,4,9
C0130,30,0,State - GOA,Rural,Houseless Household,12,12,7,5,1,1,0,2,2,0,0,0,0,2,1,1,3,1,2,2,0,2,1,1,0,1,1,0
C0130,30,0,State - GOA,Urban,Total,13997,18390,9537,8853,2546,1212,1334,3075,1549,1526,3124,1688,1436,3132,1735,1397,1024,547,477,911,471,440,3231,1621,1610,1347,714,633
C0130,30,0,State - GOA,Urban,Normal Household,13874,17996,9283,8713,2513,1186,1327,3017,1505,1512,3095,1664,1431,3055,1689,1366,1008,537,471,860,449,411,3155,1578,1577,1293,675,618
C0130,30,0,State - GOA,Urban,Institutional Household,88,357,227,130,31,25,6,52,39,13,27,24,3,61,32,29,15,10,5,50,22,28,71,39,32,50,36,14
C0130,30,0,State - GOA,Urban,Houseless Household,35,37,27,10,2,1,1,6,5,1,2,0,2,16,14,2,1,0,1,1,0,1,5,4,1,4,3,1
C0130,24,0,State - GUJARAT,Total,Total,873607,1092302,612804,479498,214150,113617,100533,190675,100441,90234,60332,35277,25055,245879,149263,96616,66393,39309,27084,42037,24943,17094,197725,107415,90310,75111,42539,32572
C0130,24,0,State - GUJARAT,Total,Normal Household,868391,1078452,604206,474246,211234,111874,99360,188553,99073,89480,59839,34950,24889,243948,148018,95930,65220,38598,26622,41092,24349,16743,195450,106039,89411,73116,41305,31811
C0130,24,0,State - GUJARAT,Total,Institutional Household,2393,10405,6306,4099,2208,1295,913,1500,927,573,298,208,90,1265,750,515,976,586,390,716,443,273,1625,981,644,1817,1116,701
C0130,24,0,State - GUJARAT,Total,Houseless Household,2823,3445,2292,1153,708,448,260,622,441,181,195,119,76,666,495,171,197,125,72,229,151,78,650,395,255,178,118,60
C0130,24,0,State - GUJARAT,Rural,Total,476756,570479,321906,248573,98315,51468,46847,85434,44201,41233,29348,17554,11794,153695,94479,59216,39554,23361,16193,24821,14563,10258,93382,50458,42924,45930,25822,20108
C0130,24,0,State - GUJARAT,Rural,Normal Household,475049,566395,319594,246801,97516,51004,46512,84730,43823,40907,29217,17467,11750,153057,94051,59006,39012,23104,15908,24644,14472,10172,92681,50074,42607,45538,25599,19939
C0130,24,0,State - GUJARAT,Rural,Institutional Household,957,3216,1792,1424,641,377,264,555,291,264,84,61,23,445,297,148,505,233,272,125,61,64,516,283,233,345,189,156
C0130,24,0,State - GUJARAT,Rural,Houseless Household,750,868,520,348,158,87,71,149,87,62,47,26,21,193,131,62,37,24,13,52,30,22,185,101,84,47,34,13
C0130,24,0,State - GUJARAT,Urban,Total,396851,521823,290898,230925,115835,62149,53686,105241,56240,49001,30984,17723,13261,92184,54784,37400,26839,15948,10891,17216,10380,6836,104343,56957,47386,29181,16717,12464
C0130,24,0,State - GUJARAT,Urban,Normal Household,393342,512057,284612,227445,113718,60870,52848,103823,55250,48573,30622,17483,13139,90891,53967,36924,26208,15494,10714,16448,9877,6571,102769,55965,46804,27578,15706,11872
C0130,24,0,State - GUJARAT,Urban,Institutional Household,1436,7189,4514,2675,1567,918,649,945,636,309,214,147,67,820,453,367,471,353,118,591,382,209,1109,698,411,1472,927,545
C0130,24,0,State - GUJARAT,Urban,Houseless Household,2073,2577,1772,805,550,361,189,473,354,119,148,93,55,473,364,109,160,101,59,177,121,56,465,294,171,131,84,47
C0130,6,0,State - HARYANA,Total,Total,420169,546374,315533,230841,82702,43624,39078,115527,60916,54611,21787,13321,8466,116026,72761,43265,30070,19268,10802,16191,10298,5893,116821,67528,49293,47250,27817,19433
C0130,6,0,State - HARYANA,Total,Normal Household,418046,542342,313021,229321,82027,43230,38797,114374,60188,54186,21633,13207,8426,115446,72357,43089,29796,19139,10657,15933,10172,5761,116108,67066,49042,47025,27662,19363
C0130,6,0,State - HARYANA,Total,Institutional Household,1104,2757,1677,1080,453,260,193,877,565,312,91,74,17,311,210,101,223,97,126,221,100,121,455,296,159,126,75,51
C0130,6,0,State - HARYANA,Total,Houseless Household,1019,1275,835,440,222,134,88,276,163,113,63,40,23,269,194,75,51,32,19,37,26,11,258,166,92,99,80,19
C0130,6,0,State - HARYANA,Rural,Total,282619,357663,208784,148879,55737,29219,26518,66421,35029,31392,14578,9035,5543,82283,52540,29743,20160,13044,7116,10657,6820,3837,74374,43340,31034,33453,19757,13696
C0130,6,0,State - HARYANA,Rural,Normal Household,281737,356180,207904,148276,55534,29110,26424,66093,34861,31232,14509,8985,5524,82007,52357,29650,20012,12970,7042,10599,6781,3818,74077,43147,30930,33349,19693,13656
C0130,6,0,State - HARYANA,Rural,Institutional Household,480,994,570,424,115,61,54,241,111,130,40,32,8,169,112,57,133,65,68,38,26,12,185,120,65,73,43,30
C0130,6,0,State - HARYANA,Rural,Houseless Household,402,489,310,179,88,48,40,87,57,30,29,18,11,107,71,36,15,9,6,20,13,7,112,73,39,31,21,10
C0130,6,0,State - HARYANA,Urban,Total,137550,188711,106749,81962,26965,14405,12560,49106,25887,23219,7209,4286,2923,33743,20221,13522,9910,6224,3686,5534,3478,2056,42447,24188,18259,13797,8060,5737
C0130,6,0,State - HARYANA,Urban,Normal Household,136309,186162,105117,81045,26493,14120,12373,48281,25327,22954,7124,4222,2902,33439,20000,13439,9784,6169,3615,5334,3391,1943,42031,23919,18112,13676,7969,5707
C0130,6,0,State - HARYANA,Urban,Institutional Household,624,1763,1107,656,338,199,139,636,454,182,51,42,9,142,98,44,90,32,58,183,74,109,270,176,94,53,32,21
C0130,6,0,State - HARYANA,Urban,Houseless Household,617,786,525,261,134,86,48,189,106,83,34,22,12,162,123,39,36,23,13,17,13,4,146,93,53,68,59,9
C0130,2,0,State - HIMACHAL PRADESH,Total,Total,125746,155316,86321,68995,26076,13382,12694,26700,14243,12457,8278,4879,3399,32550,19447,13103,8986,5310,3676,5166,3030,2136,29024,15964,13060,18536,10066,8470
C0130,2,0,State - HIMACHAL PRADESH,Total,Normal Household,125260,153819,85307,68512,25806,13279,12527,26276,13881,12395,8161,4827,3334,32422,19354,13068,8873,5239,3634,5121,3004,2117,28771,15787,12984,18389,9936,8453
C0130,2,0,State - HIMACHAL PRADESH,Total,Institutional Household,373,1358,916,442,257,96,161,400,347,53,112,49,63,92,63,29,95,60,35,38,21,17,235,163,72,129,117,12
C0130,2,0,State - HIMACHAL PRADESH,Total,Houseless Household,113,139,98,41,13,7,6,24,15,9,5,3,2,36,30,6,18,11,7,7,5,2,18,14,4,18,13,5
C0130,2,0,State - HIMACHAL PRADESH,Rural,Total,116146,142665,78963,63702,24140,12291,11849,23939,12653,11286,7548,4463,3085,30427,18140,12287,8127,4809,3318,4764,2769,1995,26252,14430,11822,17468,9408,8060
C0130,2,0,State - HIMACHAL PRADESH,Rural,Normal Household,115821,141877,78481,63396,23930,12229,11701,23751,12499,11252,7529,4448,3081,30344,18083,12261,8086,4780,3306,4735,2755,1980,26074,14309,11765,17428,9378,8050
C0130,2,0,State - HIMACHAL PRADESH,Rural,Institutional Household,262,712,432,280,198,56,142,172,147,25,18,14,4,65,42,23,31,23,8,26,11,15,169,114,55,33,25,8
C0130,2,0,State - HIMACHAL PRADESH,Rural,Houseless Household,63,76,50,26,12,6,6,16,7,9,1,1,0,18,15,3,10,6,4,3,3,0,9,7,2,7,5,2
C0130,2,0,State - HIMACHAL PRADESH,Urban,Total,9600,12651,7358,5293,1936,1091,845,2761,1590,1171,730,416,314,2123,1307,816,859,501,358,402,261,141,2772,1534,1238,1068,658,410
C0130,2,0,State - HIMACHAL PRADESH,Urban,Normal Household,9439,11942,6826,5116,1876,1050,826,2525,1382,1143,632,379,253,2078,1271,807,787,459,328,386,249,137,2697,1478,1219,961,558,403
C0130,2,0,State - HIMACHAL PRADESH,Urban,Institutional Household,111,646,484,162,59,40,19,228,200,28,94,35,59,27,21,6,64,37,27,12,10,2,66,49,17,96,92,4
C0130,2,0,State - HIMACHAL PRADESH,Urban,Houseless Household,50,63,48,15,1,1,0,8,8,0,4,2,2,18,15,3,8,5,3,4,2,2,9,7,2,11,8,3
C0130,1,0,State - JAMMU & KASHMIR,Total,Total,262354,361153,204834,156319,66448,35656,30792,74096,42744,31352,18681,11351,7330,58137,35145,22992,16724,9798,6926,15669,8810,6859,66957,36852,30105,44441,24478,19963
C0130,1,0,State - JAMMU & KASHMIR,Total,Normal Household,259764,350171,194898,155273,65667,35052,30615,67416,36426,30990,18441,11157,7284,57699,34789,22910,16494,9650,6844,15578,8742,6836,64668,34756,29912,44208,24326,19882
C0130,1,0,State - JAMMU & KASHMIR,Total,Institutional Household,2095,10284,9510,774,650,539,111,6485,6197,288,205,168,37,351,297,54,198,130,68,62,49,13,2142,1999,143,191,131,60
C0130,1,0,State - JAMMU & KASHMIR,Total,Houseless Household,495,698,426,272,131,65,66,195,121,74,35,26,9,87,59,28,32,18,14,29,19,10,147,97,50,42,21,21
C0130,1,0,State - JAMMU & KASHMIR,Rural,Total,203294,273952,154892,119060,50142,27019,23123,51889,29201,22688,14872,9096,5776,47772,28978,18794,12214,7121,5093,11581,6447,5134,49399,27069,22330,36083,19961,16122
C0130,1,0,State - JAMMU & KASHMIR,Rural,Normal Household,202150,269078,150511,118567,49736,26726,23010,49337,26787,22550,14763,9010,5753,47548,28803,18745,12117,7046,5071,11546,6419,5127,48122,25866,22256,35909,19854,16055
C0130,1,0,State - JAMMU & KASHMIR,Rural,Institutional Household,904,4536,4170,366,349,266,83,2453,2353,100,89,71,18,176,142,34,81,65,16,26,23,3,1210,1153,57,152,97,55
C0130,1,0,State - JAMMU & KASHMIR,Rural,Houseless Household,240,338,211,127,57,27,30,99,61,38,20,15,5,48,33,15,16,10,6,9,5,4,67,50,17,22,10,12
C0130,1,0,State - JAMMU & KASHMIR,Urban,Total,59060,87201,49942,37259,16306,8637,7669,22207,13543,8664,3809,2255,1554,10365,6167,4198,4510,2677,1833,4088,2363,1725,17558,9783,7775,8358,4517,3841
C0130,1,0,State - JAMMU & KASHMIR,Urban,Normal Household,57614,81093,44387,36706,15931,8326,7605,18079,9639,8440,3678,2147,1531,10151,5986,4165,4377,2604,1773,4032,2323,1709,16546,8890,7656,8299,4472,3827
C0130,1,0,State - JAMMU & KASHMIR,Urban,Institutional Household,1191,5748,5340,408,301,273,28,4032,3844,188,116,97,19,175,155,20,117,65,52,36,26,10,932,846,86,39,34,5
C0130,1,0,State - JAMMU & KASHMIR,Urban,Houseless Household,255,360,215,145,74,38,36,96,60,36,15,11,4,39,26,13,16,8,8,20,14,6,80,47,33,20,11,9
C0130,20,0,State - JHARKHAND,Total,Total,610443,769980,426876,343104,180721,96042,84679,165861,88142,77719,46684,26169,20515,147892,89103,58789,37458,21601,15857,20157,11718,8439,112372,62136,50236,58835,31965,26870
C0130,20,0,State - JHARKHAND,Total,Normal Household,607897,764260,423325,340935,179458,95320,84138,164459,87182,77277,46460,26022,20438,147212,88696,58516,37178,21441,15737,19392,11193,8199,111655,61739,49916,58446,31732,26714
C0130,20,0,State - JHARKHAND,Total,Institutional Household,1696,4664,2912,1752,1045,602,443,1203,847,356,168,103,65,450,254,196,206,115,91,706,497,209,577,311,266,309,183,126
C0130,20,0,State - JHARKHAND,Total,Houseless Household,850,1056,639,417,218,120,98,199,113,86,56,44,12,230,153,77,74,45,29,59,28,31,140,86,54,80,50,30
C0130,20,0,State - JHARKHAND,Rural,Total,476987,597544,328696,268848,142001,74799,67202,126741,66751,59990,34544,19305,15239,118928,71213,47715,28693,16360,12333,15161,8554,6607,83788,46183,37605,47688,25531,22157
C0130,20,0,State - JHARKHAND,Rural,Normal Household,475580,594888,327167,267721,141343,74449,66894,125833,66140,59693,34421,19221,15200,118600,71042,47558,28580,16307,12273,15104,8535,6569,83400,45979,37421,47607,25494,22113
C0130,20,0,State - JHARKHAND,Rural,Institutional Household,979,2114,1228,886,521,275,246,795,549,246,96,63,33,249,125,124,74,31,43,32,10,22,300,154,146,47,21,26
C0130,20,0,State - JHARKHAND,Rural,Houseless Household,428,542,301,241,137,75,62,113,62,51,27,21,6,79,46,33,39,22,17,25,9,16,88,50,38,34,16,18
C0130,20,0,State - JHARKHAND,Urban,Total,133456,172436,98180,74256,38720,21243,17477,39120,21391,17729,12140,6864,5276,28964,17890,11074,8765,5241,3524,4996,3164,1832,28584,15953,12631,11147,6434,4713
C0130,20,0,State - JHARKHAND,Urban,Normal Household,132317,169372,96158,73214,38115,20871,17244,38626,21042,17584,12039,6801,5238,28612,17654,10958,8598,5134,3464,4288,2658,1630,28255,15760,12495,10839,6238,4601
C0130,20,0,State - JHARKHAND,Urban,Institutional Household,717,2550,1684,866,524,327,197,408,298,110,72,40,32,201,129,72,132,84,48,674,487,187,277,157,120,262,162,100
C0130,20,0,State - JHARKHAND,Urban,Houseless Household,422,514,338,176,81,45,36,86,51,35,29,23,6,151,107,44,35,23,12,34,19,15,52,36,16,46,34,12
C0130,29,0,State - KARNATAKA,Total,Total,1046864,1324205,726521,597684,264170,133909,130261,235691,122685,113006,90741,49848,40893,271982,171139,100843,93974,49501,44473,20913,10828,10085,246721,133079,113642,100013,55532,44481
C0130,29,0,State - KARNATAKA,Total,Normal Household,1039848,1301923,713199,588724,259861,131253,128608,229543,119016,110527,89777,49291,40486,269723,169755,99968,91667,48069,43598,19902,10364,9538,243704,131180,112524,97746,54271,43475
C0130,29,0,State - KARNATAKA,Total,Institutional Household,5017,19796,11771,8025,3823,2359,1464,5695,3399,2296,833,474,359,1850,1085,765,2096,1309,787,778,328,450,2624,1668,956,2097,1149,948
C0130,29,0,State - KARNATAKA,Total,Houseless Household,1999,2486,1551,935,486,297,189,453,270,183,131,83,48,409,299,110,211,123,88,233,136,97,393,231,162,170,112,58
C0130,29,0,State - KARNATAKA,Rural,Total,650529,792694,438605,354089,139405,69266,70139,120294,62341,57953,60633,33680,26953,195850,124089,71761,59116,30810,28306,13225,6698,6527,135183,73633,61550,68988,38088,30900
C0130,29,0,State - KARNATAKA,Rural,Normal Household,647719,784783,433476,351307,137968,68291,69677,118360,61091,57269,60380,33510,26870,194919,123452,71467,57967,30085,27882,12822,6503,6319,134105,72897,61208,68262,37647,30615
C0130,29,0,State - KARNATAKA,Rural,Institutional Household,2027,6976,4578,2398,1272,881,391,1757,1153,604,203,139,64,743,505,238,1061,677,384,332,156,176,949,659,290,659,408,251
C0130,29,0,State - KARNATAKA,Rural,Houseless Household,783,935,551,384,165,94,71,177,97,80,50,31,19,188,132,56,88,48,40,71,39,32,129,77,52,67,33,34
C0130,29,0,State - KARNATAKA,Urban,Total,396335,531511,287916,243595,124765,64643,60122,115397,60344,55053,30108,16168,13940,76132,47050,29082,34858,18691,16167,7688,4130,3558,111538,59446,52092,31025,17444,13581
C0130,29,0,State - KARNATAKA,Urban,Normal Household,392129,517140,279723,237417,121893,62962,58931,111183,57925,53258,29397,15781,13616,74804,46303,28501,33700,17984,15716,7080,3861,3219,109599,58283,51316,29484,16624,12860
C0130,29,0,State - KARNATAKA,Urban,Institutional Household,2990,12820,7193,5627,2551,1478,1073,3938,2246,1692,630,335,295,1107,580,527,1035,632,403,446,172,274,1675,1009,666,1438,741,697
C0130,29,0,State - KARNATAKA,Urban,Houseless Household,1216,1551,1000,551,321,203,118,276,173,103,81,52,29,221,167,54,123,75,48,162,97,65,264,154,110,103,79,24
C0130,32,0,State - KERALA,Total,Total,630941,761843,394706,367137,115513,53167,62346,105366,48087,57279,41346,22319,19027,171630,100894,70736,65709,35614,30095,66915,33819,33096,96131,49498,46633,99233,51308,47925
C0130,32,0,State - KERALA,Total,Normal Household,628258,741657,384804,356853,114414,52694,61720,104066,47467,56599,40963,22142,18821,169684,99980,69704,63001,34384,28617,58004,29265,28739,95042,48891,46151,96483,49981,46502
C0130,32,0,State - KERALA,Total,Institutional Household,1780,19197,9118,10079,1007,402,605,1220,571,649,337,145,192,1666,670,996,2672,1202,1470,8639,4333,4306,989,533,456,2667,1262,1405
C0130,32,0,State - KERALA,Total,Houseless Household,903,989,784,205,92,71,21,80,49,31,46,32,14,280,244,36,36,28,8,272,221,51,100,74,26,83,65,18
C0130,32,0,State - KERALA,Rural,Total,344028,414875,215752,199123,63409,29155,34254,56110,25617,30493,22534,12267,10267,93297,55511,37786,35170,18926,16244,37432,18941,18491,52351,27088,25263,54572,28247,26325
C0130,32,0,State - KERALA,Rural,Normal Household,342762,403398,210010,193388,62859,28934,33925,55643,25412,30231,22337,12167,10170,92255,55037,37218,33527,18222,15305,31690,15814,15876,51815,26772,25043,53272,27652,25620
C0130,32,0,State - KERALA,Rural,Institutional Household,964,11151,5478,5673,520,199,321,438,185,253,185,89,96,978,421,557,1630,693,937,5626,3029,2597,509,295,214,1265,567,698
C0130,32,0,State - KERALA,Rural,Houseless Household,302,326,264,62,30,22,8,29,20,9,12,11,1,64,53,11,13,11,2,116,98,18,27,21,6,35,28,7
C0130,32,0,State - KERALA,Urban,Total,286913,346968,178954,168014,52104,24012,28092,49256,22470,26786,18812,10052,8760,78333,45383,32950,30539,16688,13851,29483,14878,14605,43780,22410,21370,44661,23061,21600
C0130,32,0,State - KERALA,Urban,Normal Household,285496,338259,174794,163465,51555,23760,27795,48423,22055,26368,18626,9975,8651,77429,44943,32486,29474,16162,13312,26314,13451,12863,43227,22119,21108,43211,22329,20882
C0130,32,0,State - KERALA,Urban,Institutional Household,816,8046,3640,4406,487,203,284,782,386,396,152,56,96,688,249,439,1042,509,533,3013,1304,1709,480,238,242,1402,695,707
C0130,32,0,State - KERALA,Urban,Houseless Household,601,663,520,143,62,49,13,51,29,22,34,21,13,216,191,25,23,17,6,156,123,33,73,53,20,48,37,11
C0130,31,0,State - LAKSHADWEEP,Total,Total,1346,1615,838,777,337,149,188,224,105,119,73,48,25,361,210,151,112,75,37,96,34,62,183,100,83,229,117,112
C0130,31,0,State - LAKSHADWEEP,Total,Normal Household,1344,1609,834,775,336,149,187,224,105,119,73,48,25,361,210,151,112,75,37,96,34,62,178,96,82,229,117,112
C0130,31,0,State - LAKSHADWEEP,Total,Institutional Household,2,6,4,2,1,0,1,0,0,0,0,0,0,0,0,0,0,0,0,0,0,0,5,4,1,0,0,0
C0130,31,0,State - LAKSHADWEEP,Total,Houseless Household,0,0,0,0,0,0,0,0,0,0,0,0,0,0,0,0,0,0,0,0,0,0,0,0,0,0,0,0
C0130,31,0,State - LAKSHADWEEP,Rural,Total,321,396,188,208,104,45,59,47,22,25,10,7,3,79,44,35,24,13,11,39,12,27,35,16,19,58,29,29
C0130,31,0,State - LAKSHADWEEP,Rural,Normal Household,321,396,188,208,104,45,59,47,22,25,10,7,3,79,44,35,24,13,11,39,12,27,35,16,19,58,29,29
C0130,31,0,State - LAKSHADWEEP,Rural,Institutional Household,0,0,0,0,0,0,0,0,0,0,0,0,0,0,0,0,0,0,0,0,0,0,0,0,0,0,0,0
C0130,31,0,State - LAKSHADWEEP,Rural,Houseless Household,0,0,0,0,0,0,0,0,0,0,0,0,0,0,0,0,0,0,0,0,0,0,0,0,0,0,0,0
C0130,31,0,State - LAKSHADWEEP,Urban,Total,1025,1219,650,569,233,104,129,177,83,94,63,41,22,282,166,116,88,62,26,57,22,35,148,84,64,171,88,83
C0130,31,0,State - LAKSHADWEEP,Urban,Normal Household,1023,1213,646,567,232,104,128,177,83,94,63,41,22,282,166,116,88,62,26,57,22,35,143,80,63,171,88,83
C0130,31,0,State - LAKSHADWEEP,Urban,Institutional Household,2,6,4,2,1,0,1,0,0,0,0,0,0,0,0,0,0,0,0,0,0,0,5,4,1,0,0,0
C0130,31,0,State - LAKSHADWEEP,Urban,Houseless Household,0,0,0,0,0,0,0,0,0,0,0,0,0,0,0,0,0,0,0,0,0,0,0,0,0,0,0,0
C0130,23,0,State - MADHYA PRADESH,Total,Total,1265433,1551931,888751,663180,270751,144282,126469,267361,145035,122326,69324,40317,29007,404738,252385,152353,77803,46571,31232,39513,23766,15747,295035,166124,128911,127406,70271,57135
C0130,23,0,State - MADHYA PRADESH,Total,Normal Household,1256460,1533263,876363,656900,266569,141341,125228,263266,142231,121035,68648,39875,28773,401537,250252,151285,76632,45832,30800,38699,23303,15396,292212,164395,127817,125700,69134,56566
C0130,23,0,State - MADHYA PRADESH,Total,Institutional Household,5354,14343,9650,4693,3369,2445,924,3375,2377,998,499,329,170,2218,1448,770,829,525,304,593,334,259,2042,1237,805,1418,955,463
C0130,23,0,State - MADHYA PRADESH,Total,Houseless Household,3619,4325,2738,1587,813,496,317,720,427,293,177,113,64,983,685,298,342,214,128,221,129,92,781,492,289,288,182,106
C0130,23,0,State - MADHYA PRADESH,Rural,Total,919336,1105704,631523,474181,192819,101623,91196,179058,97217,81841,46389,27252,19137,309148,191581,117567,52079,31080,20999,27111,16225,10886,202346,114075,88271,96754,52470,44284
C0130,23,0,State - MADHYA PRADESH,Rural,Normal Household,915351,1099029,627516,471513,191657,100922,90735,177656,96309,81347,46139,27104,19035,307564,190602,116962,51643,30829,20814,26942,16139,10803,201114,113389,87725,96314,52222,44092
C0130,23,0,State - MADHYA PRADESH,Rural,Institutional Household,2501,4940,2974,1966,863,518,345,1129,748,381,173,101,72,1213,755,458,299,164,135,78,41,37,873,476,397,312,171,141
C0130,23,0,State - MADHYA PRADESH,Rural,Houseless Household,1484,1735,1033,702,299,183,116,273,160,113,77,47,30,371,224,147,137,87,50,91,45,46,359,210,149,128,77,51
C0130,23,0,State - MADHYA PRADESH,Urban,Total,346097,446227,257228,188999,77932,42659,35273,88303,47818,40485,22935,13065,9870,95590,60804,34786,25724,15491,10233,12402,7541,4861,92689,52049,40640,30652,17801,12851
C0130,23,0,State - MADHYA PRADESH,Urban,Normal Household,341109,434234,248847,185387,74912,40419,34493,85610,45922,39688,22509,12771,9738,93973,59650,34323,24989,15003,9986,11757,7164,4593,91098,51006,40092,29386,16912,12474
C0130,23,0,State - MADHYA PRADESH,Urban,Institutional Household,2853,9403,6676,2727,2506,1927,579,2246,1629,617,326,228,98,1005,693,312,530,361,169,515,293,222,1169,761,408,1106,784,322
C0130,23,0,State - MADHYA PRADESH,Urban,Houseless Household,2135,2590,1705,885,514,313,201,447,267,180,100,66,34,612,461,151,205,127,78,130,84,46,422,282,140,160,105,55
C0130,27,0,State - MAHARASHTRA,Total,Total,2227932,2963392,1692285,1271107,574052,311835,262217,473271,264956,208315,473610,260792,212818,548418,357348,191070,160209,90408,69801,58753,32907,25846,510736,279048,231688,164343,94991,69352
C0130,27,0,State - MAHARASHTRA,Total,Normal Household,2209780,2907361,1655944,1251417,564043,305063,258980,463642,258807,204835,469456,258173,211283,541452,352638,188814,153295,85668,67627,54417,30195,24222,502214,273671,228543,158842,91729,67113
C0130,27,0,State - MAHARASHTRA,Total,Institutional Household,11193,46928,30238,16690,7920,5356,2564,8019,5049,2970,3135,1972,1163,5670,3777,1893,6527,4502,2025,3870,2420,1450,6823,4233,2590,4964,2929,2035
C0130,27,0,State - MAHARASHTRA,Total,Houseless Household,6959,9103,6103,3000,2089,1416,673,1610,1100,510,1019,647,372,1296,933,363,387,238,149,466,292,174,1699,1144,555,537,333,204
C0130,27,0,State - MAHARASHTRA,Rural,Total,1290003,1666135,950781,715354,321266,171367,149899,237739,132348,105391,240835,131871,108964,363353,237783,125570,92318,51165,41153,33972,18658,15314,270742,146452,124290,105910,61137,44773
C0130,27,0,State - MAHARASHTRA,Rural,Normal Household,1282391,1642301,935904,706397,317403,169024,148379,233701,129928,103773,238986,130706,108280,360088,235604,124484,88475,48485,39990,33488,18375,15113,266491,143955,122536,103669,59827,43842
C0130,27,0,State - MAHARASHTRA,Rural,Institutional Household,4960,20474,12902,7572,3118,1906,1212,3522,2132,1390,1452,944,508,2792,1860,932,3719,2613,1106,269,159,110,3619,2126,1493,1983,1162,821
C0130,27,0,State - MAHARASHTRA,Rural,Houseless Household,2652,3360,1975,1385,745,437,308,516,288,228,397,221,176,473,319,154,124,67,57,215,124,91,632,371,261,258,148,110
C0130,27,0,State - MAHARASHTRA,Urban,Total,937929,1297257,741504,555753,252786,140468,112318,235532,132608,102924,232775,128921,103854,185065,119565,65500,67891,39243,28648,24781,14249,10532,239994,132596,107398,58433,33854,24579
C0130,27,0,State - MAHARASHTRA,Urban,Normal Household,927389,1265060,720040,545020,246640,136039,110601,229941,128879,101062,230470,127467,103003,181364,117034,64330,64820,37183,27637,20929,11820,9109,235723,129716,106007,55173,31902,23271
C0130,27,0,State - MAHARASHTRA,Urban,Institutional Household,6233,26454,17336,9118,4802,3450,1352,4497,2917,1580,1683,1028,655,2878,1917,961,2808,1889,919,3601,2261,1340,3204,2107,1097,2981,1767,1214
C0130,27,0,State - MAHARASHTRA,Urban,Houseless Household,4307,5743,4128,1615,1344,979,365,1094,812,282,622,426,196,823,614,209,263,171,92,251,168,83,1067,773,294,279,185,94
C0130,14,0,State - MANIPUR,Total,Total,43382,58547,31174,27373,19194,9915,9279,12891,6688,6203,2661,1488,1173,5315,3165,2150,4846,2626,2220,1459,842,617,8628,4516,4112,3553,1934,1619
C0130,14,0,State - MANIPUR,Total,Normal Household,43012,57627,30432,27195,18809,9595,9214,12623,6459,6164,2643,1475,1168,5292,3147,2145,4791,2586,2205,1456,840,616,8498,4422,4076,3515,1908,1607
C0130,14,0,State - MANIPUR,Total,Institutional Household,297,816,681,135,362,307,55,237,211,26,16,11,5,21,17,4,44,33,11,2,2,0,102,78,24,32,22,10
C0130,14,0,State - MANIPUR,Total,Houseless Household,73,104,61,43,23,13,10,31,18,13,2,2,0,2,1,1,11,7,4,1,0,1,28,16,12,6,4,2
C0130,14,0,State - MANIPUR,Rural,Total,29820,40488,21726,18762,13429,6970,6459,9663,5050,4613,1833,1038,795,3508,2095,1413,3148,1754,1394,841,474,367,5654,3016,2638,2412,1329,1083
C0130,14,0,State - MANIPUR,Rural,Normal Household,29575,39912,21250,18662,13158,6734,6424,9530,4940,4590,1820,1029,791,3494,2085,1409,3108,1723,1385,839,473,366,5583,2958,2625,2380,1308,1072
C0130,14,0,State - MANIPUR,Rural,Institutional Household,202,521,438,83,258,226,32,114,98,16,12,8,4,13,10,3,32,25,7,1,1,0,64,52,12,27,18,9
C0130,14,0,State - MANIPUR,Rural,Houseless Household,43,55,38,17,13,10,3,19,12,7,1,1,0,1,0,1,8,6,2,1,0,1,7,6,1,5,3,2
C0130,14,0,State - MANIPUR,Urban,Total,13562,18059,9448,8611,5765,2945,2820,3228,1638,1590,828,450,378,1807,1070,737,1698,872,826,618,368,250,2974,1500,1474,1141,605,536
C0130,14,0,State - MANIPUR,Urban,Normal Household,13437,17715,9182,8533,5651,2861,2790,3093,1519,1574,823,446,377,1798,1062,736,1683,863,820,617,367,250,2915,1464,1451,1135,600,535
C0130,14,0,State - MANIPUR,Urban,Institutional Household,95,295,243,52,104,81,23,123,113,10,4,3,1,8,7,1,12,8,4,1,1,0,38,26,12,5,4,1
C0130,14,0,State - MANIPUR,Urban,Houseless Household,30,49,23,26,10,3,7,12,6,6,1,1,0,1,1,0,3,1,2,0,0,0,21,10,11,1,1,0
C0130,17,0,State - MEGHALAYA,Total,Total,33228,44317,23326,20991,6980,3494,3486,12353,6551,5802,2707,1412,1295,5312,2998,2314,2332,1235,1097,2340,1174,1166,8717,4586,4131,3576,1876,1700
C0130,17,0,State - MEGHALAYA,Total,Normal Household,32990,43223,22513,20710,6873,3420,3453,11788,6096,5692,2689,1402,1287,5268,2967,2301,2218,1153,1065,2312,1163,1149,8523,4450,4073,3552,1862,1690
C0130,17,0,State - MEGHALAYA,Total,Institutional Household,177,986,759,227,104,72,32,496,426,70,18,10,8,36,25,11,108,78,30,22,8,14,185,129,56,17,11,6
C0130,17,0,State - MEGHALAYA,Total,Houseless Household,61,108,54,54,3,2,1,69,29,40,0,0,0,8,6,2,6,4,2,6,3,3,9,7,2,7,3,4
C0130,17,0,State - MEGHALAYA,Rural,Total,28224,37566,19576,17990,6069,3026,3043,10602,5496,5106,2329,1228,1101,4500,2535,1965,1788,928,860,1881,922,959,7360,3844,3516,3037,1597,1440
C0130,17,0,State - MEGHALAYA,Rural,Normal Household,28069,37288,19420,17868,6042,3008,3034,10464,5427,5037,2318,1222,1096,4479,2522,1957,1780,923,857,1869,915,954,7306,3810,3496,3030,1593,1437
C0130,17,0,State - MEGHALAYA,Rural,Institutional Household,105,182,110,72,25,17,8,70,40,30,11,6,5,15,9,6,6,4,2,6,4,2,45,27,18,4,3,1
C0130,17,0,State - MEGHALAYA,Rural,Houseless Household,50,96,46,50,2,1,1,68,29,39,0,0,0,6,4,2,2,1,1,6,3,3,9,7,2,3,1,2
C0130,17,0,State - MEGHALAYA,Urban,Total,5004,6751,3750,3001,911,468,443,1751,1055,696,378,184,194,812,463,349,544,307,237,459,252,207,1357,742,615,539,279,260
C0130,17,0,State - MEGHALAYA,Urban,Normal Household,4921,5935,3093,2842,831,412,419,1324,669,655,371,180,191,789,445,344,438,230,208,443,248,195,1217,640,577,522,269,253
C0130,17,0,State - MEGHALAYA,Urban,Institutional Household,72,804,649,155,79,55,24,426,386,40,7,4,3,21,16,5,102,74,28,16,4,12,140,102,38,13,8,5
C0130,17,0,State - MEGHALAYA,Urban,Houseless Household,11,12,8,4,1,1,0,1,0,1,0,0,0,2,2,0,4,3,1,0,0,0,0,0,0,4,2,2
C0130,15,0,State - MIZORAM,Total,Total,12796,15160,8198,6962,2035,1087,948,3354,1828,1526,1163,601,562,1976,1162,814,1585,843,742,1050,576,474,1914,1009,905,2083,1092,991
C0130,15,0,State - MIZORAM,Total,Normal Household,12726,14725,7867,6858,2000,1055,945,3291,1770,1521,1161,599,562,1956,1143,813,1545,821,724,808,403,405,1890,992,898,2074,1084,990
C0130,15,0,State - MIZORAM,Total,Institutional Household,69,434,330,104,35,32,3,63,58,5,2,2,0,20,19,1,39,21,18,242,173,69,24,17,7,9,8,1
C0130,15,0,State - MIZORAM,Total,Houseless Household,1,1,1,0,0,0,0,0,0,0,0,0,0,0,0,0,1,1,0,0,0,0,0,0,0,0,0,0
C0130,15,0,State - MIZORAM,Rural,Total,7320,8627,4584,4043,1237,669,568,1989,1055,934,735,399,336,1141,651,490,776,410,366,423,197,226,1121,588,533,1205,615,590
C0130,15,0,State - MIZORAM,Rural,Normal Household,7302,8595,4560,4035,1228,660,568,1983,1051,932,735,399,336,1140,650,490,766,405,361,423,197,226,1116,584,532,1204,614,590
C0130,15,0,State - MIZORAM,Rural,Institutional Household,18,32,24,8,9,9,0,6,4,2,0,0,0,1,1,0,10,5,5,0,0,0,5,4,1,1,1,0
C0130,15,0,State - MIZORAM,Rural,Houseless Household,0,0,0,0,0,0,0,0,0,0,0,0,0,0,0,0,0,0,0,0,0,0,0,0,0,0,0,0
C0130,15,0,State - MIZORAM,Urban,Total,5476,6533,3614,2919,798,418,380,1365,773,592,428,202,226,835,511,324,809,433,376,627,379,248,793,421,372,878,477,401
C0130,15,0,State - MIZORAM,Urban,Normal Household,5424,6130,3307,2823,772,395,377,1308,719,589,426,200,226,816,493,323,779,416,363,385,206,179,774,408,366,870,470,400
C0130,15,0,State - MIZORAM,Urban,Institutional Household,51,402,306,96,26,23,3,57,54,3,2,2,0,19,18,1,29,16,13,242,173,69,19,13,6,8,7,1
C0130,15,0,State - MIZORAM,Urban,Houseless Household,1,1,1,0,0,0,0,0,0,0,0,0,0,0,0,0,1,1,0,0,0,0,0,0,0,0,0,0
C0130,13,0,State - NAGALAND,Total,Total,24491,29631,16148,13483,4150,2130,2020,8940,5007,3933,2294,1261,1033,3828,2235,1593,1250,666,584,995,547,448,4838,2529,2309,3336,1773,1563
C0130,13,0,State - NAGALAND,Total,Normal Household,24322,29263,15847,13416,4117,2105,2012,8806,4890,3916,2279,1250,1029,3785,2209,1576,1239,658,581,977,539,438,4731,2430,2301,3329,1766,1563
C0130,13,0,State - NAGALAND,Total,Institutional Household,137,332,283,49,29,22,7,124,114,10,14,11,3,34,23,11,11,8,3,14,5,9,102,96,6,4,4,0
C0130,13,0,State - NAGALAND,Total,Houseless Household,32,36,18,18,4,3,1,10,3,7,1,0,1,9,3,6,0,0,0,4,3,1,5,3,2,3,3,0
C0130,13,0,State - NAGALAND,Rural,Total,19479,23549,12761,10788,3291,1689,1602,7237,4050,3187,1889,1033,856,2941,1689,1252,949,499,450,776,425,351,3699,1910,1789,2767,1466,1301
C0130,13,0,State - NAGALAND,Rural,Normal Household,19396,23396,12637,10759,3272,1676,1596,7205,4028,3177,1878,1025,853,2930,1682,1248,942,494,448,772,421,351,3634,1849,1785,2763,1462,1301
C0130,13,0,State - NAGALAND,Rural,Institutional Household,66,132,116,16,16,11,5,23,20,3,10,8,2,9,7,2,7,5,2,3,3,0,61,59,2,3,3,0
C0130,13,0,State - NAGALAND,Rural,Houseless Household,17,21,8,13,3,2,1,9,2,7,1,0,1,2,0,2,0,0,0,1,1,0,4,2,2,1,1,0
C0130,13,0,State - NAGALAND,Urban,Total,5012,6082,3387,2695,859,441,418,1703,957,746,405,228,177,887,546,341,301,167,134,219,122,97,1139,619,520,569,307,262
C0130,13,0,State - NAGALAND,Urban,Normal Household,4926,5867,3210,2657,845,429,416,1601,862,739,401,225,176,855,527,328,297,164,133,205,118,87,1097,581,516,566,304,262
C0130,13,0,State - NAGALAND,Urban,Institutional Household,71,200,167,33,13,11,2,101,94,7,4,3,1,25,16,9,4,3,1,11,2,9,41,37,4,1,1,0
C0130,13,0,State - NAGALAND,Urban,Houseless Household,15,15,10,5,1,1,0,1,1,0,0,0,0,7,3,4,0,0,0,3,2,1,1,1,0,2,2,0
C0130,7,0,State - NCT OF DELHI,Total,Total,191862,234882,138379,96503,30124,16864,13260,34499,19277,15222,15094,8946,6148,67383,40727,26656,16338,10385,5953,10046,6292,3754,37013,21783,15230,24385,14105,10280
C0130,7,0,State - NCT OF DELHI,Total,Normal Household,189815,227788,132807,94981,28917,15908,13009,32639,17548,15091,14940,8829,6111,66401,39915,26486,15528,9916,5612,9758,6148,3610,35989,20952,15037,23616,13591,10025
C0130,7,0,State - NCT OF DELHI,Total,Institutional Household,697,5499,4347,1152,989,771,218,1704,1609,95,71,47,24,415,324,91,740,423,317,182,87,95,729,649,80,669,437,232
C0130,7,0,State - NCT OF DELHI,Total,Houseless Household,1350,1595,1225,370,218,185,33,156,120,36,83,70,13,567,488,79,70,46,24,106,57,49,295,182,113,100,77,23
C0130,7,0,State - NCT OF DELHI,Rural,Total,5121,6116,3668,2448,792,430,362,825,432,393,339,208,131,1885,1198,687,350,245,105,247,172,75,1005,586,419,673,397,276
C0130,7,0,State - NCT OF DELHI,Rural,Normal Household,5104,6085,3649,2436,792,430,362,823,431,392,335,207,128,1870,1187,683,348,243,105,246,172,74,998,582,416,673,397,276
C0130,7,0,State - NCT OF DELHI,Rural,Institutional Household,13,26,17,9,0,0,0,1,1,0,4,1,3,13,10,3,2,2,0,1,0,1,5,3,2,0,0,0
C0130,7,0,State - NCT OF DELHI,Rural,Houseless Household,4,5,2,3,0,0,0,1,0,1,0,0,0,2,1,1,0,0,0,0,0,0,2,1,1,0,0,0
C0130,7,0,State - NCT OF DELHI,Urban,Total,186741,228766,134711,94055,29332,16434,12898,33674,18845,14829,14755,8738,6017,65498,39529,25969,15988,10140,5848,9799,6120,3679,36008,21197,14811,23712,13708,10004
C0130,7,0,State - NCT OF DELHI,Urban,Normal Household,184711,221703,129158,92545,28125,15478,12647,31816,17117,14699,14605,8622,5983,64531,38728,25803,15180,9673,5507,9512,5976,3536,34991,20370,14621,22943,13194,9749
C0130,7,0,State - NCT OF DELHI,Urban,Institutional Household,684,5473,4330,1143,989,771,218,1703,1608,95,67,46,21,402,314,88,738,421,317,181,87,94,724,646,78,669,437,232
C0130,7,0,State - NCT OF DELHI,Urban,Houseless Household,1346,1590,1223,367,218,185,33,155,120,35,83,70,13,565,487,78,70,46,24,106,57,49,293,181,112,100,77,23
C0130,21,0,State - ODISHA,Total,Total,988400,1244402,674775,569627,263799,136851,126948,237858,123245,114613,68517,38506,30011,259899,152999,106900,72399,40320,32079,42837,22913,19924,172881,93980,78901,126212,65961,60251
C0130,21,0,State - ODISHA,Total,Normal Household,982612,1225731,663745,561986,259181,134046,125135,233093,120477,112616,67904,38118,29786,257754,151727,106027,70849,39382,31467,42282,22666,19616,170364,92544,77820,124304,64785,59519
C0130,21,0,State - ODISHA,Total,Institutional Household,3992,16364,9552,6812,4229,2563,1666,4379,2527,1852,471,290,181,1635,917,718,1368,818,550,311,114,197,2242,1261,981,1729,1062,667
C0130,21,0,State - ODISHA,Total,Houseless Household,1796,2307,1478,829,389,242,147,386,241,145,142,98,44,510,355,155,182,120,62,244,133,111,275,175,100,179,114,65
C0130,21,0,State - ODISHA,Rural,Total,858572,1067739,576672,491067,227522,117590,109932,200619,103763,96856,56130,31472,24658,228590,133798,94792,61727,34110,27617,37227,19738,17489,143718,77960,65758,112206,58241,53965
C0130,21,0,State - ODISHA,Rural,Normal Household,854938,1057268,571059,486209,224834,116065,108769,197722,102364,95358,55804,31279,24525,227526,133178,94348,60782,33581,27201,36918,19629,17289,142276,77183,65093,111406,57780,53626
C0130,21,0,State - ODISHA,Rural,Institutional Household,2814,9500,5054,4446,2505,1415,1090,2717,1302,1415,287,167,120,895,520,375,860,471,389,195,58,137,1319,704,615,722,417,305
C0130,21,0,State - ODISHA,Rural,Houseless Household,820,971,559,412,183,110,73,180,97,83,39,26,13,169,100,69,85,58,27,114,51,63,123,73,50,78,44,34
C0130,21,0,State - ODISHA,Urban,Total,129828,176663,98103,78560,36277,19261,17016,37239,19482,17757,12387,7034,5353,31309,19201,12108,10672,6210,4462,5610,3175,2435,29163,16020,13143,14006,7720,6286
C0130,21,0,State - ODISHA,Urban,Normal Household,127674,168463,92686,75777,34347,17981,16366,35371,18113,17258,12100,6839,5261,30228,18549,11679,10067,5801,4266,5364,3037,2327,28088,15361,12727,12898,7005,5893
C0130,21,0,State - ODISHA,Urban,Institutional Household,1178,6864,4498,2366,1724,1148,576,1662,1225,437,184,123,61,740,397,343,508,347,161,116,56,60,923,557,366,1007,645,362
C0130,21,0,State - ODISHA,Urban,Houseless Household,976,1336,919,417,206,132,74,206,144,62,103,72,31,341,255,86,97,62,35,130,82,48,152,102,50,101,70,31
C0130,34,0,State - PUDUCHERRY,Total,Total,26211,30189,16373,13816,3608,1841,1767,6152,2959,3193,1824,958,866,9054,5464,3590,2335,1285,1050,853,450,403,4137,2195,1942,2226,1221,1005
C0130,34,0,State - PUDUCHERRY,Total,Normal Household,26061,29668,16190,13478,3549,1809,1740,6098,2940,3158,1812,956,856,8949,5428,3521,2154,1227,927,821,442,379,4103,2189,1914,2182,1199,983
C0130,34,0,State - PUDUCHERRY,Total,Institutional Household,70,425,135,290,46,23,23,29,9,20,11,1,10,73,18,55,174,56,118,25,6,19,27,3,24,40,19,21
C0130,34,0,State - PUDUCHERRY,Total,Houseless Household,80,96,48,48,13,9,4,25,10,15,1,1,0,32,18,14,7,2,5,7,2,5,7,3,4,4,3,1
C0130,34,0,State - PUDUCHERRY,Rural,Total,9331,10581,5880,4701,1349,672,677,2229,1098,1131,611,339,272,3208,2006,1202,649,363,286,255,138,117,1558,846,712,722,418,304
C0130,34,0,State - PUDUCHERRY,Rural,Normal Household,9316,10562,5869,4693,1346,670,676,2227,1097,1130,611,339,272,3204,2003,1201,646,362,284,254,138,116,1555,845,710,719,415,304
C0130,34,0,State - PUDUCHERRY,Rural,Institutional Household,9,13,6,7,3,2,1,1,0,1,0,0,0,2,1,1,3,1,2,0,0,0,3,1,2,1,1,0
C0130,34,0,State - PUDUCHERRY,Rural,Houseless Household,6,6,5,1,0,0,0,1,1,0,0,0,0,2,2,0,0,0,0,1,0,1,0,0,0,2,2,0
C0130,34,0,State - PUDUCHERRY,Urban,Total,16880,19608,10493,9115,2259,1169,1090,3923,1861,2062,1213,619,594,5846,3458,2388,1686,922,764,598,312,286,2579,1349,1230,1504,803,701
C0130,34,0,State - PUDUCHERRY,Urban,Normal Household,16745,19106,10321,8785,2203,1139,1064,3871,1843,2028,1201,617,584,5745,3425,2320,1508,865,643,567,304,263,2548,1344,1204,1463,784,679
C0130,34,0,State - PUDUCHERRY,Urban,Institutional Household,61,412,129,283,43,21,22,28,9,19,11,1,10,71,17,54,171,55,116,25,6,19,24,2,22,39,18,21
C0130,34,0,State - PUDUCHERRY,Urban,Houseless Household,74,90,43,47,13,9,4,24,9,15,1,1,0,30,16,14,7,2,5,6,2,4,7,3,4,2,1,1
C0130,3,0,State - PUNJAB,Total,Total,490663,654063,379551,274512,82199,44811,37388,146696,78761,67935,24549,14297,10252,130044,81534,48510,45070,27332,17738,21925,13581,8344,165607,96325,69282,37973,22910,15063
C0130,3,0,State - PUNJAB,Total,Normal Household,487582,645056,373518,271538,81447,44314,37133,143376,76180,67196,24226,14124,10102,129151,80899,48252,43907,26728,17179,21352,13270,8082,164034,95317,68717,37563,22686,14877
C0130,3,0,State - PUNJAB,Total,Institutional Household,2147,7761,5248,2513,579,393,186,3008,2389,619,271,144,127,642,449,193,1104,570,534,538,287,251,1281,831,450,338,185,153
C0130,3,0,State - PUNJAB,Total,Houseless Household,934,1246,785,461,173,104,69,312,192,120,52,29,23,251,186,65,59,34,25,35,24,11,292,177,115,72,39,33
C0130,3,0,State - PUNJAB,Rural,Total,329487,430313,251289,179024,55165,29839,25326,83735,44782,38953,16018,9296,6722,94776,59803,34973,29943,18216,11727,15150,9364,5786,108907,63931,44976,26619,16058,10561
C0130,3,0,State - PUNJAB,Rural,Normal Household,328146,427015,249325,177690,54855,29647,25208,82954,44304,38650,15817,9205,6612,94342,59542,34800,29589,18000,11589,14815,9183,5632,108241,63505,44736,26402,15939,10463
C0130,3,0,State - PUNJAB,Rural,Institutional Household,901,2726,1621,1105,216,147,69,635,388,247,176,78,98,333,196,137,323,198,125,322,175,147,530,334,196,191,105,86
C0130,3,0,State - PUNJAB,Rural,Houseless Household,440,572,343,229,94,45,49,146,90,56,25,13,12,101,65,36,31,18,13,13,6,7,136,92,44,26,14,12
C0130,3,0,State - PUNJAB,Urban,Total,161176,223750,128262,95488,27034,14972,12062,62961,33979,28982,8531,5001,3530,35268,21731,13537,15127,9116,6011,6775,4217,2558,56700,32394,24306,11354,6852,4502
C0130,3,0,State - PUNJAB,Urban,Normal Household,159436,218041,124193,93848,26592,14667,11925,60422,31876,28546,8409,4919,3490,34809,21357,13452,14318,8728,5590,6537,4087,2450,55793,31812,23981,11161,6747,4414
C0130,3,0,State - PUNJAB,Urban,Institutional Household,1246,5035,3627,1408,363,246,117,2373,2001,372,95,66,29,309,253,56,781,372,409,216,112,104,751,497,254,147,80,67
C0130,3,0,State - PUNJAB,Urban,Houseless Household,494,674,442,232,79,59,20,166,102,64,27,16,11,150,121,29,28,16,12,22,18,4,156,85,71,46,25,21
C0130,8,0,State - RAJASTHAN,Total,Total,1267856,1563694,848287,715407,314618,156044,158574,218873,113199,105674,69484,42182,27302,427364,241049,186315,81389,52533,28856,41047,25233,15814,199696,113458,86238,211223,104589,106634
C0130,8,0,State - RAJASTHAN,Total,Normal Household,1261016,1551192,840303,710889,311511,154031,157480,216932,111938,104994,68873,41801,27072,425203,239620,185583,80592,52052,28540,40277,24797,15480,198180,112475,85705,209624,103589,106035
C0130,8,0,State - RAJASTHAN,Total,Institutional Household,2980,7420,4952,2468,1902,1366,536,1111,791,320,312,194,118,1031,691,340,511,298,213,542,298,244,880,587,293,1131,727,404
C0130,8,0,State - RAJASTHAN,Total,Houseless Household,3860,5082,3032,2050,1205,647,558,830,470,360,299,187,112,1130,738,392,286,183,103,228,138,90,636,396,240,468,273,195
C0130,8,0,State - RAJASTHAN,Rural,Total,998045,1219186,655135,564051,238859,116476,122383,160791,82121,78670,47865,29685,18180,350056,195563,154493,61380,39674,21706,31241,19044,12197,149770,85184,64586,179224,87388,91836
C0130,8,0,State - RAJASTHAN,Rural,Normal Household,994563,1213840,651990,561850,237690,115831,121859,160095,81678,78417,47653,29546,18107,348936,194892,154044,61108,39489,21619,30840,18844,11996,149019,84733,64286,178499,86977,91522
C0130,8,0,State - RAJASTHAN,Rural,Institutional Household,1514,2917,1768,1149,570,338,232,456,306,150,99,71,28,551,343,208,146,96,50,261,123,138,408,244,164,426,247,179
C0130,8,0,State - RAJASTHAN,Rural,Houseless Household,1968,2429,1377,1052,599,307,292,240,137,103,113,68,45,569,328,241,126,89,37,140,77,63,343,207,136,299,164,135
C0130,8,0,State - RAJASTHAN,Urban,Total,269811,344508,193152,151356,75759,39568,36191,58082,31078,27004,21619,12497,9122,77308,45486,31822,20009,12859,7150,9806,6189,3617,49926,28274,21652,31999,17201,14798
C0130,8,0,State - RAJASTHAN,Urban,Normal Household,266453,337352,188313,149039,73821,38200,35621,56837,30260,26577,21220,12255,8965,76267,44728,31539,19484,12563,6921,9437,5953,3484,49161,27742,21419,31125,16612,14513
C0130,8,0,State - RAJASTHAN,Urban,Institutional Household,1466,4503,3184,1319,1332,1028,304,655,485,170,213,123,90,480,348,132,365,202,163,281,175,106,472,343,129,705,480,225
C0130,8,0,State - RAJASTHAN,Urban,Houseless Household,1892,2653,1655,998,606,340,266,590,333,257,186,119,67,561,410,151,160,94,66,88,61,27,293,189,104,169,109,60
C0130,11,0,State - SIKKIM,Total,Total,13740,18187,9779,8408,2772,1421,1351,5343,2987,2356,1577,818,759,2067,1218,849,516,274,242,513,255,258,2459,1282,1177,2940,1524,1416
C0130,11,0,State - SIKKIM,Total,Normal Household,13642,17472,9208,8264,2716,1384,1332,4830,2564,2266,1565,810,755,2048,1202,846,493,262,231,508,253,255,2380,1216,1164,2932,1517,1415
C0130,11,0,State - SIKKIM,Total,Institutional Household,81,688,556,132,55,36,19,498,415,83,9,7,2,17,15,2,21,11,10,5,2,3,77,65,12,6,5,1
C0130,11,0,State - SIKKIM,Total,Houseless Household,17,27,15,12,1,1,0,15,8,7,3,1,2,2,1,1,2,1,1,0,0,0,2,1,1,2,2,0
C0130,11,0,State - SIKKIM,Rural,Total,11899,15859,8548,7311,2484,1271,1213,4703,2638,2065,1339,699,640,1792,1064,728,416,221,195,443,209,234,2023,1063,960,2659,1383,1276
C0130,11,0,State - SIKKIM,Rural,Normal Household,11828,15213,8029,7184,2431,1237,1194,4214,2238,1976,1330,693,637,1779,1053,726,414,219,195,439,207,232,1950,1002,948,2656,1380,1276
C0130,11,0,State - SIKKIM,Rural,Institutional Household,60,625,508,117,52,33,19,475,393,82,7,5,2,12,11,1,2,2,0,4,2,2,71,60,11,2,2,0
C0130,11,0,State - SIKKIM,Rural,Houseless Household,11,21,11,10,1,1,0,14,7,7,2,1,1,1,0,1,0,0,0,0,0,0,2,1,1,1,1,0
C0130,11,0,State - SIKKIM,Urban,Total,1841,2328,1231,1097,288,150,138,640,349,291,238,119,119,275,154,121,100,53,47,70,46,24,436,219,217,281,141,140
C0130,11,0,State - SIKKIM,Urban,Normal Household,1814,2259,1179,1080,285,147,138,616,326,290,235,117,118,269,149,120,79,43,36,69,46,23,430,214,216,276,137,139
C0130,11,0,State - SIKKIM,Urban,Institutional Household,21,63,48,15,3,3,0,23,22,1,2,2,0,5,4,1,19,9,10,1,0,1,6,5,1,4,3,1
C0130,11,0,State - SIKKIM,Urban,Houseless Household,6,6,4,2,0,0,0,1,1,0,1,0,1,1,1,0,2,1,1,0,0,0,0,0,0,1,1,0
C0130,33,0,State - TAMIL NADU,Total,Total,986712,1179963,657418,522545,127405,67744,59661,220241,109879,110362,80077,44512,35565,287241,177476,109765,100847,55854,44993,32964,17707,15257,238392,131150,107242,92796,53096,39700
C0130,33,0,State - TAMIL NADU,Total,Normal Household,979513,1152008,641882,510126,124895,66253,58642,211415,105059,106356,79171,43982,35189,283916,175518,108398,97538,54212,43326,30065,16191,13874,234399,128927,105472,90609,51740,38869
C0130,33,0,State - TAMIL NADU,Total,Institutional Household,5075,25072,13628,11444,2211,1282,929,8310,4437,3873,745,429,316,2783,1562,1221,3039,1488,1551,2399,1213,1186,3548,1952,1596,2037,1265,772
C0130,33,0,State - TAMIL NADU,Total,Houseless Household,2124,2883,1908,975,299,209,90,516,383,133,161,101,60,542,396,146,270,154,116,500,303,197,445,271,174,150,91,59
C0130,33,0,State - TAMIL NADU,Rural,Total,533847,621745,346846,274899,71650,37833,33817,107621,53739,53882,47160,26156,21004,158624,98242,60382,52522,28518,24004,17344,9009,8335,113844,63088,50756,52980,30261,22719
C0130,33,0,State - TAMIL NADU,Rural,Normal Household,531463,612583,341464,271119,70842,37299,33543,104679,51987,52692,46889,25985,20904,157332,97477,59855,51505,27955,23550,16772,8734,8038,112310,62199,50111,52254,29828,22426
C0130,33,0,State - TAMIL NADU,Rural,Institutional Household,1800,8353,4901,3452,729,477,252,2851,1707,1144,226,142,84,1179,680,499,898,503,395,369,163,206,1419,823,596,682,406,276
C0130,33,0,State - TAMIL NADU,Rural,Houseless Household,584,809,481,328,79,57,22,91,45,46,45,29,16,113,85,28,119,60,59,203,112,91,115,66,49,44,27,17
C0130,33,0,State - TAMIL NADU,Urban,Total,452865,558218,310572,247646,55755,29911,25844,112620,56140,56480,32917,18356,14561,128617,79234,49383,48325,27336,20989,15620,8698,6922,124548,68062,56486,39816,22835,16981
C0130,33,0,State - TAMIL NADU,Urban,Normal Household,448050,539425,300418,239007,54053,28954,25099,106736,53072,53664,32282,17997,14285,126584,78041,48543,46033,26257,19776,13293,7457,5836,122089,66728,55361,38355,21912,16443
C0130,33,0,State - TAMIL NADU,Urban,Institutional Household,3275,16719,8727,7992,1482,805,677,5459,2730,2729,519,287,232,1604,882,722,2141,985,1156,2030,1050,980,2129,1129,1000,1355,859,496
C0130,33,0,State - TAMIL NADU,Urban,Houseless Household,1540,2074,1427,647,220,152,68,425,338,87,116,72,44,429,311,118,151,94,57,297,191,106,330,205,125,106,64,42
C0130,16,0,State - TRIPURA,Total,Total,53266,64346,35482,28864,10828,5512,5316,11695,6382,5313,4567,2538,2029,11707,7126,4581,4307,2358,1949,2909,1583,1326,11825,6505,5320,6508,3478,3030
C0130,16,0,State - TRIPURA,Total,Normal Household,52804,62729,34164,28565,10578,5313,5265,10859,5578,5281,4521,2512,2009,11619,7076,4543,4213,2319,1894,2851,1535,1316,11685,6403,5282,6403,3428,2975
C0130,16,0,State - TRIPURA,Total,Institutional Household,322,1441,1212,229,237,194,43,801,776,25,34,20,14,77,40,37,58,26,32,22,20,2,131,98,33,81,38,43
C0130,16,0,State - TRIPURA,Total,Houseless Household,140,176,106,70,13,5,8,35,28,7,12,6,6,11,10,1,36,13,23,36,28,8,9,4,5,24,12,12
C0130,16,0,State - TRIPURA,Rural,Total,37055,44942,24636,20306,7675,3913,3762,8585,4652,3933,3039,1702,1337,8015,4846,3169,3027,1640,1387,1865,993,872,8449,4611,3838,4287,2279,2008
C0130,16,0,State - TRIPURA,Rural,Normal Household,36776,44018,23809,20209,7545,3801,3744,8033,4112,3921,3016,1688,1328,7976,4818,3158,2983,1614,1369,1844,977,867,8362,4536,3826,4259,2263,1996
C0130,16,0,State - TRIPURA,Rural,Institutional Household,208,825,764,61,121,109,12,521,513,8,21,13,8,35,24,11,26,18,8,6,6,0,81,72,9,14,9,5
C0130,16,0,State - TRIPURA,Rural,Houseless Household,71,99,63,36,9,3,6,31,27,4,2,1,1,4,4,0,18,8,10,15,10,5,6,3,3,14,7,7
C0130,16,0,State - TRIPURA,Urban,Total,16211,19404,10846,8558,3153,1599,1554,3110,1730,1380,1528,836,692,3692,2280,1412,1280,718,562,1044,590,454,3376,1894,1482,2221,1199,1022
C0130,16,0,State - TRIPURA,Urban,Normal Household,16028,18711,10355,8356,3033,1512,1521,2826,1466,1360,1505,824,681,3643,2258,1385,1230,705,525,1007,558,449,3323,1867,1456,2144,1165,979
C0130,16,0,State - TRIPURA,Urban,Institutional Household,114,616,448,168,116,85,31,280,263,17,13,7,6,42,16,26,32,8,24,16,14,2,50,26,24,67,29,38
C0130,16,0,State - TRIPURA,Urban,Houseless Household,69,77,43,34,4,2,2,4,1,3,10,5,5,7,6,1,18,5,13,21,18,3,3,1,2,10,5,5
C0130,9,0,State - UTTAR PRADESH,Total,Total,2943342,4157514,2364171,1793343,763988,407862,356126,1027835,545179,482656,266586,151170,115416,677713,441615,236098,181342,113841,67501,76603,49121,27482,946436,528964,417472,217011,126419,90592
C0130,9,0,State - UTTAR PRADESH,Total,Normal Household,2918301,4106221,2332841,1773380,754635,402170,352465,1009582,534118,475464,264056,149709,114347,672240,437804,234436,179570,112799,66771,75645,48598,27047,935728,522723,413005,214765,124920,89845
C0130,9,0,State - UTTAR PRADESH,Total,Institutional Household,16961,38417,22906,15511,6642,3968,2674,14234,8644,5590,1839,1018,821,3790,2512,1278,1279,707,572,755,399,356,8243,4632,3611,1635,1026,609
C0130,9,0,State - UTTAR PRADESH,Total,Houseless Household,8080,12876,8424,4452,2711,1724,987,4019,2417,1602,691,443,248,1683,1299,384,493,335,158,203,124,79,2465,1609,856,611,473,138
C0130,9,0,State - UTTAR PRADESH,Rural,Total,2277632,3166615,1803715,1362900,579182,307821,271361,753704,398665,355039,202152,114665,87487,543203,355061,188142,140097,88236,51861,57497,37021,20476,720020,402738,317282,170760,99508,71252
C0130,9,0,State - UTTAR PRADESH,Rural,Normal Household,2264336,3142779,1791016,1351763,574824,305535,269289,745422,394412,351010,200917,114053,86864,540586,353417,187169,139299,87792,51507,57180,36864,20316,714619,399896,314723,169932,99047,70885
C0130,9,0,State - UTTAR PRADESH,Rural,Institutional Household,10387,19372,10231,9141,3390,1799,1591,6899,3523,3376,1004,482,522,2093,1297,796,649,354,295,261,131,130,4428,2295,2133,648,350,298
C0130,9,0,State - UTTAR PRADESH,Rural,Houseless Household,2909,4464,2468,1996,968,487,481,1383,730,653,231,130,101,524,347,177,149,90,59,56,26,30,973,547,426,180,111,69
C0130,9,0,State - UTTAR PRADESH,Urban,Total,665710,990899,560456,430443,184806,100041,84765,274131,146514,127617,64434,36505,27929,134510,86554,47956,41245,25605,15640,19106,12100,7006,226416,126226,100190,46251,26911,19340
C0130,9,0,State - UTTAR PRADESH,Urban,Normal Household,653965,963442,541825,421617,179811,96635,83176,264160,139706,124454,63139,35656,27483,131654,84387,47267,40271,25007,15264,18465,11734,6731,221109,122827,98282,44833,25873,18960
C0130,9,0,State - UTTAR PRADESH,Urban,Institutional Household,6574,19045,12675,6370,3252,2169,1083,7335,5121,2214,835,536,299,1697,1215,482,630,353,277,494,268,226,3815,2337,1478,987,676,311
C0130,9,0,State - UTTAR PRADESH,Urban,Houseless Household,5171,8412,5956,2456,1743,1237,506,2636,1687,949,460,313,147,1159,952,207,344,245,99,147,98,49,1492,1062,430,431,362,69
C0130,5,0,State - UTTARAKHAND,Total,Total,146930,185272,102787,82485,29107,14486,14621,37681,19192,18489,12348,7008,5340,36996,22743,14253,11450,6952,4498,6443,3935,2508,30723,17159,13564,20524,11312,9212
C0130,5,0,State - UTTARAKHAND,Total,Normal Household,145660,181184,99733,81451,28409,14049,14360,35900,17616,18284,12180,6879,5301,36641,22490,14151,11267,6859,4408,6279,3887,2392,30187,16736,13451,20321,11217,9104
C0130,5,0,State - UTTARAKHAND,Total,Institutional Household,878,3631,2719,912,626,387,239,1719,1532,187,134,102,32,249,166,83,136,61,75,119,20,99,481,380,101,167,71,96
C0130,5,0,State - UTTARAKHAND,Total,Houseless Household,392,457,335,122,72,50,22,62,44,18,34,27,7,106,87,19,47,32,15,45,28,17,55,43,12,36,24,12
C0130,5,0,State - UTTARAKHAND,Rural,Total,109072,134097,73244,60853,21483,10341,11142,25312,12410,12902,8808,4966,3842,27947,16970,10977,8368,5090,3278,4763,2982,1781,21542,11859,9683,15874,8626,7248
C0130,5,0,State - UTTARAKHAND,Rural,Normal Household,108607,133070,72605,60465,21319,10244,11075,25059,12230,12829,8718,4905,3813,27815,16889,10926,8305,5064,3241,4720,2959,1761,21387,11754,9633,15747,8560,7187
C0130,5,0,State - UTTARAKHAND,Rural,Institutional Household,352,885,547,338,136,81,55,233,166,67,80,53,27,119,74,45,48,16,32,26,12,14,132,88,44,111,57,54
C0130,5,0,State - UTTARAKHAND,Rural,Houseless Household,113,142,92,50,28,16,12,20,14,6,10,8,2,13,7,6,15,10,5,17,11,6,23,17,6,16,9,7
C0130,5,0,State - UTTARAKHAND,Urban,Total,37858,51175,29543,21632,7624,4145,3479,12369,6782,5587,3540,2042,1498,9049,5773,3276,3082,1862,1220,1680,953,727,9181,5300,3881,4650,2686,1964
C0130,5,0,State - UTTARAKHAND,Urban,Normal Household,37053,48114,27128,20986,7090,3805,3285,10841,5386,5455,3462,1974,1488,8826,5601,3225,2962,1795,1167,1559,928,631,8800,4982,3818,4574,2657,1917
C0130,5,0,State - UTTARAKHAND,Urban,Institutional Household,526,2746,2172,574,490,306,184,1486,1366,120,54,49,5,130,92,38,88,45,43,93,8,85,349,292,57,56,14,42
C0130,5,0,State - UTTARAKHAND,Urban,Houseless Household,279,315,243,72,44,34,10,42,30,12,24,19,5,93,80,13,32,22,10,28,17,11,32,26,6,20,15,5
C0130,19,0,State - WEST BENGAL,Total,Total,1589266,2017406,1127181,890225,424473,223325,201148,315192,165753,149439,147336,81255,66081,322945,204942,118003,136523,76270,60253,71515,40745,30770,402921,228263,174658,196501,106628,89873
C0130,19,0,State - WEST BENGAL,Total,Normal Household,1580053,1994199,1111939,882260,419680,219970,199710,309432,162014,147418,146029,80359,65670,321128,203733,117395,133605,74730,58875,70779,40279,30500,398776,225168,173608,194770,105686,89084
C0130,19,0,State - WEST BENGAL,Total,Institutional Household,5140,16704,10742,5962,3225,2206,1019,4558,2976,1582,801,533,268,965,582,383,2232,1066,1166,277,151,126,3306,2523,783,1340,705,635
C0130,19,0,State - WEST BENGAL,Total,Houseless Household,4073,6503,4500,2003,1568,1149,419,1202,763,439,506,363,143,852,627,225,686,474,212,459,315,144,839,572,267,391,237,154
C0130,19,0,State - WEST BENGAL,Rural,Total,1107498,1368942,768621,600321,277366,145670,131696,200419,105505,94914,94298,52419,41879,239059,152327,86732,92526,51475,41051,49881,28075,21806,262727,150461,112266,152666,82689,69977
C0130,19,0,State - WEST BENGAL,Rural,Normal Household,1103843,1360501,763349,597152,275921,144723,131198,198452,104311,94141,93997,52236,41761,238343,151903,86440,91474,50935,40539,49647,27951,21696,261048,149152,111896,151619,82138,69481
C0130,19,0,State - WEST BENGAL,Rural,Institutional Household,2499,7042,4514,2528,1207,826,381,1758,1088,670,232,142,90,533,323,210,864,428,436,114,54,60,1474,1204,270,860,449,411
C0130,19,0,State - WEST BENGAL,Rural,Houseless Household,1156,1399,758,641,238,121,117,209,106,103,69,41,28,183,101,82,188,112,76,120,70,50,205,105,100,187,102,85
C0130,19,0,State - WEST BENGAL,Urban,Total,481768,648464,358560,289904,147107,77655,69452,114773,60248,54525,53038,28836,24202,83886,52615,31271,43997,24795,19202,21634,12670,8964,140194,77802,62392,43835,23939,19896
C0130,19,0,State - WEST BENGAL,Urban,Normal Household,476210,633698,348590,285108,143759,75247,68512,110980,57703,53277,52032,28123,23909,82785,51830,30955,42131,23795,18336,21132,12328,8804,137728,76016,61712,43151,23548,19603
C0130,19,0,State - WEST BENGAL,Urban,Institutional Household,2641,9662,6228,3434,2018,1380,638,2800,1888,912,569,391,178,432,259,173,1368,638,730,163,97,66,1832,1319,513,480,256,224
C0130,19,0,State - WEST BENGAL,Urban,Houseless Household,2917,5104,3742,1362,1330,1028,302,993,657,336,437,322,115,669,526,143,498,362,136,339,245,94,634,467,167,204,135,69
,,,,,,,,,,,,,,,,,,,,,,,,,,,,,,,,,